<mainLayer name="mainLayer">    
    <children>
        <!-- background and flourish elements -->
        <node name="background" type="sprite" image="play-images::bg-play.png" pos="240x160" scale="2.4x2.4" />
        <node name="silhouetes1" type="sprite" image="play-images::bg-silhouetes.png" pos="240x0" scale="1.1x1.1"
              animation="RepeatForever[Sequence[  DelayTime[1], MoveTo[3,239,-3], DelayTime[1],  MoveTo[3,240,0]  ]]" />
        <node name="header" type="sprite" image="play-images::bg-header.png" pos="240x292" scale="1.15x1.15" />
        
        <!-- header -->
        <node name="dollar" type="sprite" image="play-images::ico-dollar.png" pos="213x310" opacity="0" />
        <node name="flag" type="sprite" image="play-images::ico-flag.png" pos="255x310" opacity="0" />
        <node name="star" type="sprite" image="play-images::ico-star.png" pos="220x294" opacity="0" />
        
        <node name="userCredits" type="label" font="packs/bible/fonts/futura" color="0e7189" scale="0.5x0.5" pos="230x310" opacity="0" />
        <node name="answeredTotal" type="label" font="packs/bible/fonts/futura" color="0e7189" scale="0.5x0.5" pos="264x310" opacity="0" />
        <node name="userScore" type="label" font="packs/bible/fonts/futura" color="0e7189" scale="0.5x0.5" pos="244x294" opacity="0" />
        
        <!-- menu -->
        <node name="menu" type="menu" pos="190x302.5" opacity="0">
            <children>
                <node name="back" type="menuitem" pos="-20x-3" callback="back"
                      imageN="play-images::btn-back-normal.png"
                      imageS="play-images::btn-back-selected.png" />
                      
                <node name="store" type="menuitem" pos="5x-6" callback="cb_store"
                      imageN="play-images::btn-store-normal.png"
                      imageS="play-images::btn-store-selected.png" />
                      
                <node name="help" type="menuitem" pos="95x-6" callback="showHelp"
                      imageN="play-images::btn-help-normal.png"
                      imageS="play-images::btn-help-selected.png" />
                      
                <node name="skip" type="menuitem" pos="120x-3" callback="showSkip"
                      imageN="play-images::btn-skip-normal.png"
                      imageS="play-images::btn-skip-selected.png" />
            </children>
        </node>
        
        <!-- play elements -->
        <node name="iconTypeImageHolder" type="layer" visible="false">
            <children>
                <node name="frame" type="sprite" pos="242x200.7" scale="1.15x1.15"
                      image="play-images::bg-chalenge-image.png" />
                <node name="icon" type="sprite" pos="240x203" scale="0.8x0.8" />
            </children>
        </node>
        
        <node name="iconTypeTextHolder" type="layer" visible="false">
            <children>
                <node name="frame" type="sprite" pos="242x215" scale="1.15x1.15"
                      image="play-images::bg-chalenge-image.png" />
                <node name="icon" type="label" pos="240x220" textwidth="155" textalign="center"
                      font="packs/bible/fonts/futura" color="0e7189" scale="0.7x0.7" />
            </children>
        </node>
        
        <node name="answerTypeTypingHolder" type="layer">
            <children>
                <node name="answer" type="label" />
                <node name="keyboardHolder" type="layer" />
                <node name="menu" type="menu" pos="316x125" opacity="0">
                    <children>
                        <node name="backspace" type="menuitem" pos="0x0" callback="backspace"
                              imageN="play-images::btn-backspace-normal.png"
                              imageS="play-images::btn-backspace-selected.png" />
                    </children>
                </node>
            </children>
        </node>
        
        <node name="descriptionBg" pos="240x160" scale="0.96x0.96" opacity="0"
              type="sprite" image="play-images::bg-description.png" />
              
        <node name="description" type="label" pos="240x162" opacity="0" scale="0.7x0.7"
              font="packs/bible/fonts/futurabt" color="fffbe0" />
        
        <!-- rewarded video -->
        <node name="menuRewardedVideo" type="menu">
            <children>
                <node name="buttonRewardedVideo" type="menuitem" pos="73x90" scale="0.6x0.6" callback="showRewardedVideoPopup" opacity="0"
                imageN="common-images::free-credits-#languageid#.png"
                animation="RepeatForever[Sequence[ScaleTo[0.5,0.7,0.7], Repeat[Sequence[RotateTo[0.1,2],RotateTo[0.1,-2]],5], ScaleTo[0.3,0.6,0.6], DelayTime[10]]]" />
            </children>
        </node>
        <node name="popupRewardedVideo" type="layer" visible="false">
            <children>
                <node type="sprite" image="common-images::bg-overlay.png" scale="1.5x1.5" pos="240x160" />
                <node type="label" font="my assets/fonts/lithos-pro" pos="240x190" text="#Video Ad#" />
                <node type="label" font="my assets/fonts/lithos-pro" scale="0.5x0.5" pos="240x170" text="#Watch a video ad to win 5 credits#" />
                
                <!-- menu -->
                <node name="menu" type="menu">
                    <children>
                        <node type="menuitem" pos="-24x-20" callback="playRewardedVideo"
                        imageN="home-images::btn-yes-normal.png"
                        imageS="home-images::btn-yes-selected.png" />
                        <node type="menuitem" pos="24x-20" callback="hideRewardedVideoPopup"
                        imageN="home-images::btn-no-normal.png"
                        imageS="home-images::btn-no-selected.png" />
                    </children>
                </node>
            </children>
        </node>
        
        <!-- popup right -->
        <node name="popupRight" type="node" pos="240x172" visible="false">
            <children>
                <node name="bg" type="sprite" image="common-images::bg-overlay.png" scale="1.5x1.5" opacity="0" />
                <node name="graph" type="sprite" scale="2x2" pos="0x0" />
            </children>
        </node>
        
        <!-- popup wrong -->
        <node name="popupWrong" type="node" pos="240x160" visible="false">
            <children>
                <node name="bg" type="sprite" image="common-images::bg-overlay.png" scale="1.5x1.5" opacity="0" />
                <node name="graph" type="sprite" scale="2x2" pos="0x0" />
            </children>
        </node>
        
        <!-- popup help -->
        <node name="popupHelp" type="layer" visible="false">
            <children>
                <node type="sprite" image="common-images::bg-overlay.png" scale="1.5x1.5" pos="240x160" />
                <node type="sprite" image="play-popup-help::bg-help.png" pos="240x160" scale="2x2" />
                
                <node type="sprite" image="play-popup-help::title-help-#languageid#.png" pos="210x212" lowres-pos="207x215" />
                <node name="userCredits" type="label" align="right" font="packs/bible/fonts/futurabt" color="fffbe0" pos="280x212" />
                
                
                <!-- hint itself -->
                <node name="hint" type="label" font="packs/bible/fonts/futura" color="0e7189" pos="frame:0.5x0.5" center="0.5x0.5" visible="false" textwidth="190" textalign="center" scale="0.8x0.8" />

                <!-- menu -->
                <node name="menu" type="menu">
                    <children>
                        <node type="menuitem" pos="48x-48" lowres-pos="51x-51" callback="hideHelp"
                              imageN="play-popup-help::btn-close-normal.png"
                              imageS="play-popup-help::btn-close-selected.png" />
                              
                        <node name="btnHint1" type="menuitem" pos="0x0" callback="showHint1"
                              imageN="play-popup-help::btn-hint-#languageid#-normal.png"
                              imageS="play-popup-help::btn-hint-#languageid#-selected.png"
                              imageD="play-popup-help::btn-hint-#languageid#-disabled.png" />
                        
                        <node name="btnHint2" type="menuitem" />
                        <node name="btnHint3" type="menuitem" />
                        
                        <node name="moreCredits" type="menuitem" pos="-5x-50" callback="cb_store"
                              imageN="play-popup-help::btn-store-#languageid#-normal.png" />
                    </children>
                </node>
            </children>
        </node>
        
        <!-- popup skip -->
        <node name="popupSkip" type="layer" visible="false">
            <children>
                <node type="sprite" image="common-images::bg-overlay.png" scale="1.5x1.5" pos="240x160" />
                <node type="sprite" image="play-popup-skip::bg-skip.png"  scale="2x2" pos="240x160" />
                
                <node type="sprite" image="play-popup-skip::title-skip-#languageid#.png" pos="210x212" lowres-pos="207x215" />
                <node name="userCredits" type="label" align="right" font="packs/bible/fonts/futura" color="0e7189" pos="280x209" />
                
                <!-- menu -->
                <node name="menu" type="menu">
                    <children>
                        <node type="menuitem" pos="48x-48" lowres-pos="51x-51" callback="hideSkip"
                              imageN="play-popup-skip::btn-close-normal.png"
                              imageS="play-popup-skip::btn-close-selected.png" />
                              
                        <node name="btnSkipConfirmation" type="menuitem" pos="0x3" callback="skip"
                              imageN="play-popup-skip::btn-skip-confirmation-#languageid#-normal.png"
                              imageS="play-popup-skip::btn-skip-confirmation-#languageid#-selected.png"
                              imageD="play-popup-skip::btn-skip-confirmation-#languageid#-disabled.png" />
                              
                        <node type="menuitem" pos="3x-50" callback="cb_store"
                              imageN="play-popup-skip::btn-store-#languageid#-normal.png" />
                    </children>
                </node>
            </children>
        </node>
    </children>
    
    <actions>
        <action name="fadeIn03" value="FadeIn[0.3]" />
        <action name="fadeIn05" value="Sequence[  DelayTime[0.2],FadeIn[0.3]  ]" />
        <action name="fadeIn1" value="Sequence[  DelayTime[0.7],FadeIn[0.3]  ]" />
        <action name="fadeIn2" value="Sequence[  DelayTime[0.9],FadeIn[0.3]  ]" />
        <action name="fadeIn3" value="Sequence[  DelayTime[1.1],FadeIn[0.3]  ]" />
        <action name="fadeIn4" value="Sequence[  DelayTime[1.3],FadeIn[0.3]  ]" />
        <action name="fadeIn5" value="Sequence[  DelayTime[1.5],FadeIn[0.3]  ]" />
        <action name="fadeIn8" value="Sequence[  DelayTime[2.1],FadeIn[0.3]  ]" />
        <action name="fadeIn10" value="Sequence[  DelayTime[2.5],FadeIn[0.3]  ]" />
        <action name="rightAnimation" value="Animate[1,[folder:play-right::,indexes:right0.png,001:029]]" />
        <action name="wrongAnimation" value="Animate[1,[folder:play-wrong::,indexes:wrong0.png,001:029]]" />
    </actions>
    
    <events>
        <eventlist name="onEnter">
            <runaction action="fadeIn1" target="descriptionBg" />
            <runaction action="fadeIn1" target="description" />
            
            <runaction action="fadeIn2" target="flag" />
            <runaction action="fadeIn3" target="star" />
            <runaction action="fadeIn4" target="dollar" />
            
            <runaction action="fadeIn3" target="answeredTotal" />
            <runaction action="fadeIn4" target="userScore" />
            <runaction action="fadeIn5" target="userCredits" />
            
            <runaction action="fadeIn8" target="menu" />
            <runaction action="fadeIn10" target="answerTypeTypingHolder/menu" />
        </eventlist>
        <eventlist name="onRight">
            <runaction action="fadeIn03" target="popupRight/bg" />
            <runaction action="rightAnimation" target="popupRight/graph" />
        </eventlist>
        <eventlist name="onWrong">
            <runaction action="fadeIn03" target="popupWrong/bg" />
            <runaction action="wrongAnimation" target="popupWrong/graph" />
        </eventlist>
        <eventlist name="onShowRewardedVideoButton">
            <runaction action="fadeIn03" target="menuRewardedVideo/buttonRewardedVideo" />
        </eventlist>
    </events>
</mainLayer>
