<mainLayer name="mainLayer">
    <children>
        <!-- background and flourish elements -->
        <node name="background" type="sprite" image="play-images::bg-play.png" pos="240x160" scale="1.4x1.4" />
        <node name="silhouetes1" type="sprite" image="play-images::bg-silhouetes-play.png" pos="240x30" scale="1.4x1.4"
            animation="RepeatForever[Sequence[  DelayTime[1], MoveTo[3,239,33], DelayTime[1],  MoveTo[3,240,30]  ]]" />
        <node name="header" type="sprite" image="play-images::bg-header-play.png" pos="240x301" scale="1.4x1.4" />
        
        <!-- header -->
        <node name="flag" type="sprite" image="play-images::ico-flag.png" pos="247x308" opacity="0" />
        <node name="star" type="sprite" image="play-images::ico-star.png" pos="280x308" opacity="0" />
        <node name="dollar" type="sprite" image="play-images::ico-dollar.png" pos="313x308" opacity="0" />
        <node name="answeredTotal" type="label" font="my assets/fonts/lithos-pro" scale="0.5x0.5" pos="247x295" opacity="0" />
        <node name="userScore" type="label" font="my assets/fonts/lithos-pro" scale="0.5x0.5" pos="280x295" opacity="0" />
        <node name="userCredits" type="label" font="my assets/fonts/lithos-pro" scale="0.5x0.5" pos="313x295" opacity="0" />
        
        <!-- menu -->
        <node name="menu" type="menu" pos="190x302.5" opacity="0">
            <children>
                <node name="back" type="menuitem" pos="-25x0" callback="back"
                imageN="play-images::btn-back-normal-play.png"
                imageS="play-images::btn-back-selected-play.png" />
                <node name="help" type="menuitem" pos="0x0" callback="showHelp"
                imageN="play-images::btn-help-normal.png"
                imageS="play-images::btn-help-selected.png" />
                <node name="skip" type="menuitem" pos="25x0" callback="showSkip"
                imageN="play-images::btn-skip-normal.png"
                imageS="play-images::btn-skip-selected.png" />
            </children>
        </node>
        
        <!-- play elements -->
        <node name="iconTypeImageHolder" type="layer" visible="false">
            <children>
                <node name="icon" type="sprite" pos="240x200" />
            </children>
        </node>
        <node name="answerTypeTypingHolder" type="layer">
            <children>
                <node name="answer" type="label" />
                <node name="keyboardHolder" type="layer" />
                <node name="menu" type="menu" pos="316x125" opacity="0">
                    <children>
                        <node name="backspace" type="menuitem" pos="0x0" callback="backspace"
                        imageN="play-images::btn-backspace-normal.png"
                        imageS="play-images::btn-backspace-selected.png" />
                    </children>
                </node>
            </children>
        </node>
        <node name="descriptionBg" pos="240x262" scale="0.96x0.96" opacity="0"
              type="sprite" image="play-images::bg-description.png" />
        <node name="description" type="label" pos="240x264" opacity="0" scale="0.7x0.7"
              font="my assets/fonts/lithos-pro" />
        
        <!-- rewarded video -->
        <node name="menuRewardedVideo" type="menu">
            <children>
                <node name="buttonRewardedVideo" type="menuitem" pos="73x90" scale="0.6x0.6" callback="showRewardedVideoPopup" opacity="0"
                imageN="common-images::free-credits-#languageid#.png"
                animation="RepeatForever[Sequence[ScaleTo[0.5,0.7,0.7], Repeat[Sequence[RotateTo[0.1,2],RotateTo[0.1,-2]],5], ScaleTo[0.3,0.6,0.6], DelayTime[10]]]" />
            </children>
        </node>
        <node name="popupRewardedVideo" type="layer" visible="false">
            <children>
                <node type="sprite" image="common-images::bg-overlay.png" scale="1.5x1.5" pos="240x160" />
                <node type="label" font="my assets/fonts/lithos-pro" pos="240x190" text="#Video Ad#" />
                <node type="label" font="my assets/fonts/lithos-pro" scale="0.5x0.5" pos="240x170" text="#Watch a video ad to win 5 credits#" />
                
                <!-- menu -->
                <node name="menu" type="menu">
                    <children>
                        <node type="menuitem" pos="-24x-20" callback="playRewardedVideo"
                        imageN="common-images::btn-yes-normal.png"
                        imageS="common-images::btn-yes-selected.png" />
                        <node type="menuitem" pos="24x-20" callback="hideRewardedVideoPopup"
                        imageN="common-images::btn-no-normal.png"
                        imageS="common-images::btn-no-selected.png" />
                    </children>
                </node>
            </children>
        </node>
        
        <!-- popup right -->
        <node name="popupRight" type="node" pos="240x160" visible="false">
            <children>
                <node name="bg" type="sprite" image="common-images::bg-overlay.png" scale="1.5x1.5" opacity="0" />
                <node name="graph" type="sprite" scale="2x2" pos="0x0" />
            </children>
        </node>
        
        <!-- popup wrong -->
        <node name="popupWrong" type="node" pos="240x160" visible="false">
            <children>
                <node name="bg" type="sprite" image="common-images::bg-overlay.png" scale="1.5x1.5" opacity="0" />
                <node name="graph" type="sprite" scale="2x2" pos="0x0" />
            </children>
        </node>
        
        <!-- popup help -->
        <node name="popupHelp" type="layer" visible="false">
            <children>
                <node type="sprite" image="common-images::bg-overlay.png" scale="1.5x1.5" pos="240x160" />
                <node type="sprite" image="play-images::bg-help.png" pos="240x160" />
                <node type="sprite" image="play-images-i18n::title-help-#languageid#.png" pos="215x268" lowres-pos="215x274" />
                <node name="userCredits" type="label" align="right" font="my assets/fonts/lithos-pro" color="0d529b" pos="280x268" lowres-pos="280x274" />
                
                
                <!-- hint itself -->
                <node name="hint" type="label" font="my assets/fonts/lithos-pro" color="0d529b" pos="frame:0.5x0.6" center="0.5x0.5" visible="false" textwidth="210" textalign="center" scale="0.7x0.7" />
                
                <!-- menu -->
                <node name="menu" type="menu">
                    <children>
                        <node type="menuitem" callback="hideHelp" pos="-60x109" lowres-pos="-60x115"
                              imageN="common-images::btn-no-normal.png"
                              imageS="common-images::btn-no-selected.png" />
                        <node name="btnHint1" type="menuitem" pos="0x50" callback="showHint1"
                              imageN="play-images-i18n::btn-help1-#languageid#-normal.png"
                              imageD="play-images-i18n::btn-help1-#languageid#-disabled.png" />
                        <node name="btnHint2" type="menuitem" pos="0x0" callback="showHint2"
                              imageN="play-images-i18n::btn-help2-#languageid#-normal.png"
                              imageD="play-images-i18n::btn-help2-#languageid#-disabled.png" />
                        <node name="btnHint3" type="menuitem" pos="0x-50" callback="showHint3"
                              imageN="play-images-i18n::btn-help3-#languageid#-normal.png"
                              imageD="play-images-i18n::btn-help3-#languageid#-disabled.png" />
                        <node name="moreCredits" type="menuitem" pos="0x-100" callback="cb_store"
                              imageN="play-images-i18n::btn-more-credits-#languageid#-normal.png" />
                    </children>
                </node>
            </children>
        </node>
        
        <!-- popup skip -->
        <node name="popupSkip" type="layer" visible="false">
            <children>
                <node type="sprite" image="common-images::bg-overlay.png" scale="1.5x1.5" pos="240x160" />
                <node type="sprite" image="play-images::bg-skip.png" pos="240x160" />
                <node type="sprite" image="play-images-i18n::title-skip-#languageid#.png" pos="215x224" lowres-pos="215x230" />
                <node name="userCredits" type="label" align="right" font="my assets/fonts/lithos-pro" color="0d529b" pos="280x223" lowres-pos="280x229" />
                
                <!-- menu -->
                <node name="menu" type="menu">
                    <children>
                        <node type="menuitem" callback="hideSkip" pos="-60x65" lowres-pos="-60x71"
                              imageN="common-images::btn-no-normal.png"
                              imageS="common-images::btn-no-selected.png" />
                        <node name="btnSkipConfirmation" type="menuitem" pos="0x3" callback="skip"
                              imageN="play-images-i18n::btn-skip-confirmation-#languageid#-normal.png"
                              imageD="play-images-i18n::btn-skip-confirmation-#languageid#-disabled.png" />
                        <node type="menuitem" pos="0x-55" callback="cb_store"
                              imageN="play-images-i18n::btn-more-credits-#languageid#-normal.png" />
                    </children>
                </node>
            </children>
        </node>
    </children>
    
    <actions>
        <action name="fadeIn03" value="FadeIn[0.3]" />
        <action name="fadeIn05" value="Sequence[  DelayTime[0.2],FadeIn[0.3]  ]" />
        <action name="fadeIn1" value="Sequence[  DelayTime[0.7],FadeIn[0.3]  ]" />
        <action name="fadeIn2" value="Sequence[  DelayTime[0.9],FadeIn[0.3]  ]" />
        <action name="fadeIn3" value="Sequence[  DelayTime[1.1],FadeIn[0.3]  ]" />
        <action name="fadeIn4" value="Sequence[  DelayTime[1.3],FadeIn[0.3]  ]" />
        <action name="fadeIn5" value="Sequence[  DelayTime[1.5],FadeIn[0.3]  ]" />
        <action name="fadeIn8" value="Sequence[  DelayTime[2.1],FadeIn[0.3]  ]" />
        <action name="fadeIn10" value="Sequence[  DelayTime[2.5],FadeIn[0.3]  ]" />
        <action name="rightAnimation" value="Animate[1,[folder:right::,indexes:right0.png,001:033]]" />
        <action name="wrongAnimation" value="Animate[1,[folder:wrong::,indexes:wrong0.png,001:033]]" />
    </actions>
    
    <events>
        <eventlist name="onEnter">
            <runaction action="fadeIn1" target="descriptionBg" />
            <runaction action="fadeIn1" target="description" />
            
            <runaction action="fadeIn2" target="flag" />
            <runaction action="fadeIn3" target="star" />
            <runaction action="fadeIn4" target="dollar" />
            
            <runaction action="fadeIn3" target="answeredTotal" />
            <runaction action="fadeIn4" target="userScore" />
            <runaction action="fadeIn5" target="userCredits" />
            
            <runaction action="fadeIn8" target="menu" />
            <runaction action="fadeIn10" target="answerTypeTypingHolder/menu" />
        </eventlist>
        <eventlist name="onRight">
            <runaction action="fadeIn03" target="popupRight/bg" />
            <runaction action="rightAnimation" target="popupRight/graph" />
        </eventlist>
        <eventlist name="onWrong">
            <runaction action="fadeIn03" target="popupWrong/bg" />
            <runaction action="wrongAnimation" target="popupWrong/graph" />
        </eventlist>
        <eventlist name="onShowRewardedVideoButton">
            <runaction action="fadeIn03" target="menuRewardedVideo/buttonRewardedVideo" />
        </eventlist>
    </events>
</mainLayer>
