<mainLayer name="mainLayer">
    <params>
        <param name="scrollW" value="300" />
        <param name="scrollH" value="170" />
        <param name="itemH" value="50" />
    </params>
    
    <children>
        <!-- background and flourish elements -->
        <node type="sprite" image="levels-images::bg.png" pos="240x160" scale="1.4x1.4" />
        <node type="sprite" image="levels-images::bg-levels.png" pos="240x150" />
        <node type="sprite" image="levels-title::title-#languageid#-1.png" pos="240x250"
              animation="RepeatForever[  Animate[1,[folder:levels-title::,indexes:title-#languageid#-.png,1:2]]  ]"/>
        
        <!-- menu -->
        <node name="menu" type="menu" pos="190x203.5">
            <children>
                <node name="back" type="menuitem" pos="-25x95" callback="back"
                      imageN="levels-images::btn-back-normal.png"
                      imageS="levels-images::btn-back-selected.png" />
            </children>
        </node>
        
        <!-- levels list itself -->
        <node name="list" type="node" pos="200x110" />
    </children>
</mainLayer>
