<mainLayer name="mainLayer">
    <resources>
        <group name="images">
            <!-- common - must have -->
            <resource path="my assets/images/images" name="common-images" />
            <resource path="my assets/images/theend" name="theend-images" />
            <resource path="my assets/common/btns" name="btns-images" />
            <resource path="my assets/rateme/images" name="rateme-general" />
            <resource path="my assets/images/store-ranking" name="store-ranking" />
            
            <!-- levels -->
            <resource path="packs/bieber/images/levelsScreen/images" name="levels-images" />
            <resource path="packs/bieber/images/levelsScreen/title-#languageid#" name="levels-title" />
            
            <!-- play-->
            <resource path="packs/bieber/images/playScreen/images" name="images" />
            <resource path="packs/bieber/images/playScreen/bg-challenges" name="bg-challenges" />
            <resource path="packs/bieber/images/playScreen/bg-header-ink" name="bg-header-ink" />
            <resource path="packs/bieber/images/playScreen/right" name="right" />
            <resource path="packs/bieber/images/playScreen/wrong" name="wrong" />
            <resource path="packs/bieber/images/playScreen/popupHelp/images" name="popup-help-images" />
            <resource path="packs/bieber/images/playScreen/popupHelp/images-i18n-#languageid#" name="popup-help-images-i18n" />
            <resource path="packs/bieber/images/playScreen/popupSkip/images" name="popup-skip-images" />
            <resource path="packs/bieber/images/playScreen/popupSkip/images-i18n-#languageid#" name="popup-skip-images-i18n" />
        </group>
    </resources>
</mainLayer>
