<mainLayer name="mainLayer">
    <params>
        <param name="scrollW" value="300" />
        <param name="scrollH" value="240" />
        <param name="itemH" value="55" />
<!--        <param name="promoLevel" value="true" />-->
<!--        <param name="promoLinkAndroid" value="https://play.google.com/store/apps/details?id=com.guilardi.eusei2" />-->
<!--        <param name="promoLinkIOS" value="https://itunes.apple.com/us/app/eu-sei-2/id1271554492?ls=1&mt=8" />-->
    </params>
    
    <children>
        <!-- background and flourish elements -->
        <node name="background" type="sprite" image="levels-images::bg.png" pos="240x160" scale="1.4x1.4" />
        <node name="silhouetes1" type="sprite" image="levels-images::bg-silhouetes.png" pos="240x30" scale="1.4x1.4"
        animation="RepeatForever[Sequence[  DelayTime[1], MoveTo[3,239,33], DelayTime[1],  MoveTo[3,240,30]  ]]" />
        
        <!-- levels list itself -->
        <node name="list" type="node" pos="200x155" />
        
        <!-- header -->
        <node name="header" type="sprite" image="levels-images::bg-header.png" pos="240x303" scale="1.4x1.4" />
        <node type="label" text="#play#" font="my assets/fonts/lithos-pro" pos="240x302.5" align="center" />
        
        <!-- menu -->
        <node name="menu" type="menu" pos="190x302.5">
            <children>
                <node name="back" type="menuitem" pos="-25x0" callback="back"
                imageN="levels-images::btn-back-normal.png"
                imageS="levels-images::btn-back-selected.png" />
            </children>
        </node>
    </children>
</mainLayer>
