<mainLayer name="mainLayer">
    <resources>
       
        <group name="images">
            <!-- common - must have -->
            <resource path="my assets/images/images" name="common-images" />
            <resource path="my assets/images/theend" name="theend-images" />
            <resource path="my assets/common/btns" name="btns-images" />
            <resource path="my assets/rateme/images" name="rateme-general" />
            <resource path="my assets/images/store-ranking" name="store-ranking" />

            <!-- levels -->
            <resource path="packs/musica2/images/levelsScreen/images" name="levels-images" />
            <resource path="packs/musica2/images/levelsScreen/btns" name="levels-btns" />
            <resource path="packs/musica2/images/levelsScreen/title-i18n-#languageid#" name="levels-title" />
            
            <!-- play -->
            <resource path="packs/musica2/images/playScreen/images" name="play-images" />
            <resource path="packs/musica2images/playScreen/right" name="play-right" />
            <resource path="packs/musica2/images/playScreen/wrong" name="play-wrong" />
            <resource path="packs/musica2/images/playScreen/popup-help" name="play-popup-help" />
            <resource path="packs/musica2/images/playScreen/popup-skip" name="play-popup-skip" />
        </group>
    </resources>
</mainLayer>
