<mainLayer name="mainLayer">
    <children>
        <!-- background and flourish elements -->
        <node name="background" type="sprite" image="play-images::bg.png" pos="240x160" scale="1.3x1.3" />
        <node name="header" type="sprite" image="play-images::bg-header.png" pos="240x291" scale="1.3x1.3" />
        <node name="silhouetes" type="sprite" image="play-images::bg-silhouetes.png" pos="240x43" scale="1.2x1.2"
              animation="RepeatForever[Sequence[  DelayTime[1], MoveTo[3,239,46], DelayTime[1],  MoveTo[3,240,43]  ]]" />
        
        <!-- header -->
        <node name="flag" type="sprite" image="play-images::ico-flag.png" pos="221x313" opacity="0" />
        <node name="answeredTotal" type="label" font="packs/musica2/fonts/clip" color="000000" scale="0.5x0.5" pos="241x313" opacity="0" />
        <node name="star" type="sprite" image="play-images::ico-star.png" pos="216x299" opacity="0" />
        <node name="userScore" type="label" font="packs/musica2/fonts/clip" color="000000" scale="0.5x0.5" pos="246x299" opacity="0" />
        <node name="dollar" type="sprite" image="play-images::ico-dollar.png" pos="211x285" opacity="0" />
        <node name="userCredits" type="label" font="packs/musica2/fonts/clip" color="000000" scale="0.5x0.5" pos="241x285" opacity="0" />
        
        <!-- menu -->
        <node name="menu" type="menu" pos="190x292.5" opacity="0">
            <children>
                <node name="back" type="menuitem" pos="-25x0" callback="back"
                      imageN="play-images::btn-back-normal.png"
                      imageS="play-images::btn-back-selected.png" />
                <node name="store" type="menuitem" pos="0x0" callback="cb_store"
                      imageN="play-images::btn-store-normal.png"
                      imageS="play-images::btn-store-selected.png" />
                <node name="help" type="menuitem" pos="100x0" callback="showHelp"
                      imageN="play-images::btn-help-normal.png"
                      imageS="play-images::btn-help-selected.png" />
                <node name="skip" type="menuitem" pos="125x0" callback="showSkip"
                      imageN="play-images::btn-skip-normal.png"
                      imageS="play-images::btn-skip-selected.png" />
            </children>
        </node>
        
        <!-- play elements / icon -->
        <node name="iconTypeImageHolder" type="layer" visible="false">
            <children>
                <node name="icon" type="sprite" pos="240x200" />
            </children>
        </node>
        <node name="iconTypeAudioHolder" type="layer" visible="false">
            <children>
                <node name="bg" type="sprite" pos="240x200"
                      image="play-images::bg-challenge-audio.png"/>
                <node name="playerStopped" type="sprite" pos="240x200"
                      image="play-images::bg-challenge-audio-tape.png"/>
                <node name="playerPlaying" type="sprite" pos="240x200" visible="false"
                      image="play-images::bg-challenge-audio-tape.png"
                      animation="RepeatForever[ Sequence[ ScaleTo[0.5,1.2,1.2], ScaleTo[1,1.0,1.0] ] ]"/>
                <node name="player" type="menu">
                    <children>
                        <node name="play" type="menuitem" pos="30x10" callback="playLevelAudio"
                              imageN="play-images::btn-play-normal.png"
                              imageS="play-images::btn-play-selected.png"  />
                    </children>
                </node>
            </children>
        </node>
        
        <!-- play elements / description -->
        <node name="descriptionBg" pos="240x262" scale="1.3x1.1" opacity="0"
              type="sprite" image="play-images::bg-description.png" />
        <node name="description" type="label" pos="240x262" opacity="0" scale="0.8x0.8"
              font="packs/musica2/fonts/clip" color="000000" />
        
        <!-- play elements / answer -->
        <node name="answerTypeTypingHolder" type="layer" visible="false">
            <children>
                <node name="answer" type="label" />
                <node name="keyboardHolder" type="layer" />
                <node name="menu" type="menu" pos="316x125" opacity="0">
                    <children>
                        <node name="backspace" type="menuitem" pos="0x0" callback="backspace"
                              imageN="play-images::btn-backspace-normal.png"
                              imageS="play-images::btn-backspace-selected.png" />
                    </children>
                </node>
            </children>
        </node>
        <node name="answerTypeSelectHolder" type="menu" visible="false">
            <children>
                <node name="option1" type="menuitem" pos="0x-34" callback="answerOption1"
                    font="packs/musica2/fonts/clip" textcolor="000000" textscale="0.5x0.5"
                    imageN="play-images::btn-option-normal.png"
                    imageS="play-images::btn-option-selected.png" />
                <node name="option2" type="menuitem" pos="0x-61" callback="answerOption2"
                    font="packs/musica2/fonts/clip" textcolor="000000" textscale="0.5x0.5"
                    imageN="play-images::btn-option-normal.png"
                    imageS="play-images::btn-option-selected.png" />
                <node name="option3" type="menuitem" pos="0x-88" callback="answerOption3"
                    font="packs/musica2/fonts/clip" textcolor="000000" textscale="0.5x0.5"
                    imageN="play-images::btn-option-normal.png"
                    imageS="play-images::btn-option-selected.png" />
                <node name="option4" type="menuitem" pos="0x-115" callback="answerOption4"
                    font="packs/musica2/fonts/clip" textcolor="000000" textscale="0.5x0.5"
                    imageN="play-images::btn-option-normal.png"
                    imageS="play-images::btn-option-selected.png" />
            </children>
        </node>


        <!-- rewarded video -->
        <node name="menuRewardedVideo" type="menu">
            <children>
                <node name="buttonRewardedVideo" type="menuitem" pos="73x90" scale="0.6x0.6" callback="showRewardedVideoPopup" opacity="0"
                imageN="common-images::free-credits-#languageid#.png"
                animation="RepeatForever[Sequence[ScaleTo[0.5,0.7,0.7], Repeat[Sequence[RotateTo[0.1,2],RotateTo[0.1,-2]],5], ScaleTo[0.3,0.6,0.6], DelayTime[10]]]" />
            </children>
        </node>
        <node name="popupRewardedVideo" type="layer" visible="false">
            <children>
                <node type="sprite" image="common-images::bg-overlay.png" scale="1.5x1.5" pos="240x160" />
                <node type="label" font="my assets/fonts/lithos-pro" pos="240x190" text="#Video Ad#" />
                <node type="label" font="my assets/fonts/lithos-pro" scale="0.5x0.5" pos="240x170" text="#Watch a video ad to win 5 credits#" />
                
                <!-- menu -->
                <node name="menu" type="menu">
                    <children>
                        <node type="menuitem" pos="-24x-20" callback="playRewardedVideo"
                        imageN="common-images::btn-yes-normal.png"
                        imageS="common-images::btn-yes-selected.png" />
                        <node type="menuitem" pos="24x-20" callback="hideRewardedVideoPopup"
                        imageN="common-images::btn-no-normal.png"
                        imageS="common-images::btn-no-selected.png" />
                    </children>
                </node>
            </children>
        </node>
        
        <!-- popup right -->
        <node name="popupRight" type="node" pos="240x160" visible="false">
            <children>
                <node name="bg" type="sprite" image="common-images::bg-overlay.png" scale="1.5x1.5" opacity="0" />
                <node name="graph" type="sprite" scale="1.35x1.35" pos="-2x42" />
            </children>
        </node>
        
        <!-- popup wrong -->
        <node name="popupWrong" type="node" pos="240x160" visible="false">
            <children>
                <node name="bg" type="sprite" image="common-images::bg-overlay.png" scale="1.5x1.5" opacity="0" />
                <node name="graph" type="sprite" scale="1.35x1.35" pos="-2x42" />
            </children>
        </node>
        
        <!-- popup help -->
        <node name="popupHelp" type="layer" visible="false">
            <children>
                <node type="sprite" image="common-images::bg-overlay.png" scale="1.5x1.5" pos="240x160" />
                <node type="sprite" image="play-popup-help::bg-help.png" pos="240x160" />
                <node type="sprite" image="play-popup-help::title-help-#languageid#.png" pos="205x225" />
                <node name="userCredits" type="label" align="right" font="packs/musica2/fonts/clip" color="000000" pos="280x268" />
                
                <!-- hint itself -->
                <node name="hint" type="label" font="packs/musica2/fonts/clip" color="000000" pos="frame:0.5x0.6" center="0.5x0.5" visible="false" textwidth="200" textalign="center" scale="0.7x0.7" />
                
                <!-- menu -->
                <node name="menu" type="menu">
                    <children>
                        <node type="menuitem" pos="53x-55" callback="hideHelp"
                              imageN="play-popup-help::btn-close-#languageid#-normal.png"
                              imageS="play-popup-help::btn-close-#languageid#-selected.png" />
                        <node name="btnHint1" type="menuitem" pos="0x0" callback="showHint1"
                              imageN="play-popup-help::btn-hint-#languageid#-normal.png"
                              imageS="play-popup-help::btn-hint-#languageid#-selected.png"
                              imageD="play-popup-help::btn-hint-#languageid#-disabled.png" />
                        <node name="btnHint2" type="menuitem" />
                        <node name="btnHint3" type="menuitem" />
                        <node name="moreCredits" type="menuitem" pos="-30x-70" callback="cb_store"
                              imageN="play-popup-help::btn-store-#languageid#-normal.png"
                              imageS="play-popup-help::btn-store-#languageid#-selected.png" />
                    </children>
                </node>
            </children>
        </node>
        
        <!-- popup skip -->
        <node name="popupSkip" type="layer" visible="false">
            <children>
                <node type="sprite" image="common-images::bg-overlay.png" scale="1.5x1.5" pos="240x160" />
                <node type="sprite" image="play-popup-skip::bg-skip.png" pos="240x160" />
                <node type="sprite" image="play-popup-skip::title-skip-#languageid#.png" pos="205x225" />
                <node name="userCredits" type="label" align="right" font="packs/musica2/fonts/clip" color="000000" pos="280x224" />
                
                <!-- menu -->
                <node name="menu" type="menu">
                    <children>
                        <node type="menuitem" pos="53x-55" callback="hideSkip"
                              imageN="play-popup-skip::btn-close-#languageid#-normal.png"
                              imageS="play-popup-skip::btn-close-#languageid#-selected.png" />
                        <node name="btnSkipConfirmation" type="menuitem" pos="0x3" callback="skip"
                              imageN="play-popup-skip::btn-skip-confirmation-#languageid#-normal.png"
                              imageS="play-popup-skip::btn-skip-confirmation-#languageid#-selected.png"
                              imageD="play-popup-skip::btn-skip-confirmation-#languageid#-disabled.png" />
                        <node name="moreCredits" type="menuitem" pos="-30x-70" callback="cb_store"
                              imageN="play-popup-help::btn-store-#languageid#-normal.png"
                              imageS="play-popup-help::btn-store-#languageid#-selected.png" />
                    </children>
                </node>
            </children>
        </node>
    </children>
    
    <actions>
        <action name="fadeIn03" value="FadeIn[0.3]" />
        <action name="fadeIn05" value="Sequence[  DelayTime[0.2],FadeIn[0.3]  ]" />
        <action name="fadeIn1" value="Sequence[  DelayTime[0.7],FadeIn[0.3]  ]" />
        <action name="fadeIn2" value="Sequence[  DelayTime[0.9],FadeIn[0.3]  ]" />
        <action name="fadeIn3" value="Sequence[  DelayTime[1.1],FadeIn[0.3]  ]" />
        <action name="fadeIn4" value="Sequence[  DelayTime[1.3],FadeIn[0.3]  ]" />
        <action name="fadeIn5" value="Sequence[  DelayTime[1.5],FadeIn[0.3]  ]" />
        <action name="fadeIn8" value="Sequence[  DelayTime[2.1],FadeIn[0.3]  ]" />
        <action name="fadeIn10" value="Sequence[  DelayTime[2.5],FadeIn[0.3]  ]" />
        <action name="rightAnimation" value="Animate[1,[folder:play-right::,indexes:right0.png,001:035]]" />
        <action name="wrongAnimation" value="Animate[1,[folder:play-wrong::,indexes:wrong0.png,001:035]]" />
    </actions>
    
    <events>
        <eventlist name="onEnter">
            <runaction action="fadeIn1" target="descriptionBg" />
            <runaction action="fadeIn1" target="description" />
            
            <runaction action="fadeIn2" target="flag" />
            <runaction action="fadeIn3" target="star" />
            <runaction action="fadeIn4" target="dollar" />
            
            <runaction action="fadeIn3" target="answeredTotal" />
            <runaction action="fadeIn4" target="userScore" />
            <runaction action="fadeIn5" target="userCredits" />
            
            <runaction action="fadeIn8" target="menu" />
            <runaction action="fadeIn10" target="answerTypeTypingHolder/menu" />
        </eventlist>
        <eventlist name="onRight">
            <runaction action="fadeIn03" target="popupRight/bg" />
            <runaction action="rightAnimation" target="popupRight/graph" />
        </eventlist>
        <eventlist name="onWrong">
            <runaction action="fadeIn03" target="popupWrong/bg" />
            <runaction action="wrongAnimation" target="popupWrong/graph" />
        </eventlist>
        <eventlist name="onShowRewardedVideoButton">
            <runaction action="fadeIn03" target="menuRewardedVideo/buttonRewardedVideo" />
        </eventlist>
    </events>
</mainLayer>
