<mainLayer name="mainLayer">
    <resources>
        <group name="images">
            <!-- common - must have -->
            <resource path="my assets/images/images" name="common-images" />
            <resource path="my assets/images/theend" name="theend-images" />
            <resource path="my assets/common/btns" name="btns-images" />
            <resource path="my assets/rateme/images" name="rateme-general" />
            <resource path="my assets/images/store-ranking" name="store-ranking" />
            
            <!-- home -->
            <resource path="packs/serie/images/fullScreen/images" name="home-images" />
            
            <!-- levels -->
            <resource path="packs/serie/images/levelsScreen/images" name="levels-images" />
            
            <!-- play-->
            <resource path="packs/serie/images/playScreen/images" name="images" />
            <resource path="packs/serie/images/playScreen/popups" name="play-popups" />
            <resource path="packs/serie/images/animation/play" name="play-audio-animation" />
        </group>
    </resources>
</mainLayer>
