<mainLayer name="mainLayer">
    <resources>
        <group name="images">
            <!-- common - must have -->
            <resource path="my assets/images/images" name="common-images" />
            <resource path="my assets/images/theend" name="theend-images" />
            <resource path="my assets/common/btns" name="btns-images" />
            <resource path="my assets/rateme/images" name="rateme-general" />
            <resource path="my assets/images/store-ranking" name="store-ranking" />
            
            <!-- home -->
            <resource path="packs/logo/fullScreen/images" name="home-images" />
            <resource path="packs/logo/images/fullScreen/images-#languageid#" name="home-images-i18n" />
            
            <!-- levels -->
            <resource path="packs/logo/images/levelsScreen/images" name="levels-images" />

            <!-- play -->
            <resource path="packs/logo/images/playScreen/images" name="images" />
            <resource path="packs/logo/images/playScreen/images.#languageid#" name="images-i18n" />
            <resource path="packs/logo/images/playScreen/right" name="right" />
            <resource path="packs/logo/images/playScreen/wrong" name="wrong" />
        </group>
    </resources>
</mainLayer>
