<mainLayer name="mainLayer">
    <resources>
        <group name="images">
            <!-- common - must have -->
            <resource path="my assets/images/images" name="common-images" />
            <resource path="my assets/images/theend" name="theend-images" />
            <resource path="my assets/common/btns" name="btns-images" />
            <resource path="my assets/rateme/images" name="rateme-general" />
            <resource path="my assets/images/store-ranking" name="store-ranking" />
            
            <!-- home -->
            <resource path="packs/musicaGospel/images/fullScreen/images" name="home-images" />

            <!-- levels -->
            <resource path="packs/musicaGospel/images/levelsScreen/images" name="levels-images" />
            <resource path="packs/musicaGospel/images/levelsScreen/images-bg" name="levels-images-bg" />
            
            <!-- play -->
            <resource path="packs/musicaGospel/images/playScreen/images" name="play-images" />
            <resource path="packs/musicaGospel/images/playScreen/right" name="play-right" />
            <resource path="packs/musicaGospel/images/playScreen/wrong" name="play-wrong" />
            <resource path="packs/musicaGospel/images/playScreen/popup-help" name="play-popup-help" />
            <resource path="packs/musicaGospel/images/playScreen/popup-skip" name="play-popup-skip" />
        </group>
    </resources>
</mainLayer>
