<mainLayer name="mainLayer">
    <resources>
        <group name="images">
            <!-- common - must have -->
            <resource path="my assets/images/images" name="common-images" />
            <resource path="my assets/images/theend" name="theend-images" />
            <resource path="my assets/common/btns" name="btns-images" />
            <resource path="my assets/rateme/images" name="rateme-general" />
            <resource path="my assets/images/store-ranking" name="store-ranking" />
            
            <!-- home -->
            <resource path="packs/elvis/images/fullScreen/images" name="home-images" />
            
            <!-- levels -->
            <resource path="packs/elvis/images/levelsScreen/images" name="levels-images" />
            <resource path="packs/elvis/images/levelsScreen/title-#languageid#" name="levels-title" />

            <!-- play -->
            <resource path="packs/elvis/images/playScreen/images" name="images" />
            <resource path="packs/elvis/images/playScreen/bg-header" name="bg-header" />
            <resource path="packs/elvis/images/playScreen/bg-challenges" name="bg-challenges" />
            <resource path="packs/elvis/images/playScreen/right" name="right" />
            <resource path="packs/elvis/images/playScreen/wrong" name="wrong" />
            <resource path="packs/elvis/images/playScreen/popupHelp/images-#languageid#" name="help-i18n" />
            <resource path="packs/elvis/images/playScreen/popupSkip/images-#languageid#" name="skip-i18n" />
        </group>
    </resources>
</mainLayer>
