<mainLayer name="mainLayer">
    <resources>
        <group name="images">
            <!-- common - must have -->
            <resource path="my assets/images/images" name="common-images" />
            <resource path="my assets/images/theend" name="theend-images" />
            <resource path="my assets/common/btns" name="btns-images" />
            <resource path="my assets/rateme/images" name="rateme-general" />
            <resource path="my assets/images/store-ranking" name="store-ranking" />
            
            <!-- home -->
            <resource path="packs/cartoon/images/fullScreen/images" name="home-images" />
            
            <!-- levels -->
            <resource path="packs/cartoon/images/levelsScreen/images" name="levels-images" />
            <resource path="packs/cartoon/images/levelsScreen/images-#languageid#" name="levels-images-i18n" />
            
            <!-- ranking -->
            <resource path="packs/cartoon/images/rankingScreen/images" name="ranking-images" />
            
            <!-- play -->
            <resource path="packs/cartoon/images/playScreen/images" name="play-images" />
            <resource path="packs/cartoon/images/playScreen/popup-help" name="play-popup-help" />
            <resource path="packs/cartoon/images/playScreen/popup-help-#languageid#" name="play-popup-help-i18n" />
            <resource path="packs/cartoon/images/playScreen/popup-skip" name="play-popup-skip" />
            <resource path="packs/cartoon/images/playScreen/popup-skip-#languageid#" name="play-popup-skip-i18n" />
            <resource path="packs/cartoon/images/playScreen/right" name="play-right" />
            <resource path="packs/cartoon/images/playScreen/wrong" name="play-wrong" />
        </group>
    </resources>
</mainLayer>
