<mainLayer name="mainLayer">
    <params>
        <param name="scrollW" value="300" />
        <param name="scrollH" value="250" />
        <param name="itemH" value="50" />
    </params>
    
    <children>
        <!-- background and flourish elements -->
        <node name="background" type="sprite" image="levels-images::bg.png" pos="240x160" scale="1.4x1.4" />
        
        <!-- levels list itself -->
        <node name="list" type="node" pos="200x155" />
        
        <!-- header -->
        <node name="header" type="sprite" image="levels-images::bg-header.png" pos="240x308" scale="1.4x1.4" />
        <node type="label" text="#play#" font="my assets/fonts/lithos-pro" pos="240x302.5" align="center" />
        
        <!-- menu -->
        <node name="menu" type="menu" pos="190x302.5">
            <children>
                <node name="back" type="menuitem" pos="-25x0" callback="back"
                imageN="levels-images::btn-back-normal.png"
                imageS="levels-images::btn-back-selected.png" />
            </children>
        </node>
    </children>
</mainLayer>
