<mainLayer name="mainLayer">
    <children>
        <!-- background and flourish elements -->
        <node name="background" type="sprite" image="home-images::bg.png" pos="240x160" scale="2.2x2.2"
              animation="RepeatForever[Sequence[
                           ScaleTo[1.4,2.22,2.22],
                           ScaleTo[1.6,2.20,2.20]  ]]" />
        <node name="particlesHolder" type="layer" pos="240x240" />
        <node name="particlesHolder2" type="layer" pos="240x120" />
        <node name="headerBG" type="effectsprite" image="play-images::header-bg.png" pos="240x320" center="0.5x1" />
        <node name="answeredTotal" type="label" font="packs/soccer/fonts/dot-matrix" scale="0.4x0.4" color="ff3333" pos="209x296" />
        <node name="userScore" type="label" font="packs/soccer/fonts/dot-matrix" scale="0.4x0.4" color="33ff33" pos="239x296" />
        <node name="userCredits" type="label" font="packs/soccer/fonts/dot-matrix" scale="0.4x0.4" color="ffff33" pos="269x296" />
        
        <!-- play elements / icon -->
        <node name="iconTypeImageHolder" type="layer" visible="false">
            <children>
                <node name="icon" type="sprite" pos="240x200" scale="0.92x0.92" />
            </children>
        </node>
        <node name="iconTypeAudioHolder" type="layer" visible="false" cascadeopacity="true" >
            <children>
                <node name="playerStopped" type="effectsprite" pos="240x200" effectimage="play-images::btn-play-normal.png" />
                <node name="playerPlaying" type="effectsprite" pos="240x200" visible="false"
                      image="play-images::btn-play-selected.png"
                      animation="RepeatForever[ Sequence[ ScaleTo[0.5,1.2,1.2], ScaleTo[1,1.0,1.0] ] ]"/>
                <node name="player" type="menu">
                    <children>
                        <node name="play" type="menuitem" pos="0x40" callback="playLevelAudio" scale_effect="no"
                              effectimageN="play-images::btn-play-normal.png"
                              effectimageS="play-images::btn-play-selected.png" />
                    </children>
                </node>
            </children>
        </node>
        
        <!-- description -->
        <node name="description" type="label" pos="240x266" opacity="0" scale="0.8x0.8" font="my assets/fonts/bebasneue" />
        
        <!-- play elements / answer -->
        <node name="answerTypeTypingHolder" type="layer" visible="false" opacity="0" cascadeopacity="yes">
            <children>
                <node name="answer" type="label" />
                <node name="keyboardHolder" type="layer" cascadeopacity="yes" />
                <node name="menu" type="menu" pos="316x125">
                    <children>
                        <node name="backspace" type="menuitem" pos="0x0" callback="backspace" scale_effect="no"
                              effectimageN="play-images::btn-backspace-normal.png"
                              effectimageS="play-images::btn-backspace-selected.png"/>
                    </children>
                </node>
            </children>
        </node>
        <node name="answerTypeSelectHolder" type="menu" visible="false">
            <children>
                <node name="option1" type="menuitem" pos="0x-34" callback="answerOption1" opacity="0"
                      font="my assets/fonts/bebasneue" textscale="0.8x0.8" scale_effect="no"
                      effectimageN="play-images::btn-option-normal.png" effectimageS="play-images::btn-option-selected.png" />
                <node name="option2" type="menuitem" pos="0x-61" callback="answerOption2" opacity="0"
                      font="my assets/fonts/bebasneue" textscale="0.8x0.8" scale_effect="no"
                      effectimageN="play-images::btn-option-normal.png" effectimageS="play-images::btn-option-selected.png" />
                <node name="option3" type="menuitem" pos="0x-88" callback="answerOption3" opacity="0"
                      font="my assets/fonts/bebasneue" textscale="0.8x0.8" scale_effect="no"
                      effectimageN="play-images::btn-option-normal.png" effectimageS="play-images::btn-option-selected.png" />
                <node name="option4" type="menuitem" pos="0x-115" callback="answerOption4" opacity="0"
                      font="my assets/fonts/bebasneue" textscale="0.8x0.8" scale_effect="no"
                      effectimageN="play-images::btn-option-normal.png" effectimageS="play-images::btn-option-selected.png" />
            </children>
        </node>
        
        <!-- menus -->
        <node name="menu" type="menu">
            <children>
                <node name="back" type="menuitem" pos="-73x142" callback="back" scale_effect="no" opacity="0" cascadeopacity="yes"
                      effectimageN="play-images::btn-back-normal.png" effectimageS="play-images::btn-back-selected.png" />
                <node name="help" type="menuitem" pos="73x40" callback="showHelp" scale_effect="no" opacity="0" cascadeopacity="yes"
                      effectimageN="play-images::btn-help-normal.png" effectimageS="play-images::btn-help-selected.png" />
                <node name="skip" type="menuitem" pos="73x142" callback="showSkip" scale_effect="no" opacity="0" cascadeopacity="yes"
                      effectimageN="play-images::btn-skip-normal.png" effectimageS="play-images::btn-skip-selected.png" />
                <node name="store" type="menuitem" pos="73x75" callback="cb_store" scale_effect="no" opacity="0" cascadeopacity="yes"
                      effectimageN="play-images::btn-store-normal.png" effectimageS="play-images::btn-store-selected.png" />
            </children>
        </node>
        
        <!-- rewarded video -->
        <node name="menuRewardedVideo" type="menu">
            <children>
                <node name="buttonRewardedVideo" type="menuitem" pos="-73x75" callback="showRewardedVideoPopup" opacity="0" scale="0.6x0.6"
                      imageN="play-images::btn-free-credits.png" scale_effect="no"
                      animation="RepeatForever[Sequence[ScaleTo[0.5,0.6,0.6], Repeat[Sequence[RotateTo[0.1,2],RotateTo[0.1,-2]],5], ScaleTo[0.3,0.5,0.5], DelayTime[10]]]" />
            </children>
        </node>
        <node name="popupRewardedVideo" type="layer" visible="false">
            <children>
                <node type="sprite" image="common-images::bg-overlay.png" scale="1.5x1.5" pos="240x160" />
                <node type="label" font="my assets/fonts/bebasneue" pos="240x190" text="#Video Ad#" />
                <node type="label" font="my assets/fonts/bebasneue" scale="0.5x0.5" pos="240x170" text="#Watch a video ad to win 5 credits#" />
                
                <!-- menu -->
                <node name="menu" type="menu">
                    <children>
                        <node type="menuitem" pos="-24x-20" callback="playRewardedVideo"
                              imageN="common-images::btn-yes-normal.png" imageS="common-images::btn-yes-selected.png" />
                        <node type="menuitem" pos="24x-20" callback="hideRewardedVideoPopup"
                              imageN="common-images::btn-no-normal.png" imageS="common-images::btn-no-selected.png" />
                    </children>
                </node>
            </children>
        </node>
        
        <!-- popup help -->
        <node name="popupHelp" type="layer" visible="false">
            <children>
                <node type="sprite" image="common-images::bg-overlay.png" scale="1.5x1.5" pos="240x160" />
                <node type="sprite" image="play-popup::help-bg.png" pos="240x160" />
                <node type="sprite" image="play-popup::info-bg.png" pos="270x245" />
                <node type="label" font="packs/soccer/fonts/sf-sports-night" scale="0.9x0.9" color="333333" pos="201x245" text="#help#" />
                <node type="label" name="userCredits" align="right" font="my assets/fonts/bebasneue" color="0b2f45" pos="270x244" />
                
                <!-- hint itself -->
                <node name="hint" type="label" font="my assets/fonts/bebasneue" color="0b2f45" scale="0.7x0.7" pos="frame:0.5x0.55" center="0.5x0.5" textwidth="200" textalign="center" />
                
                <!-- menu -->
                <node name="menu" type="menu">
                    <children>
                        <node type="menuitem" pos="62x120" scale_effect="no" callback="hideHelp"
                              imageN="play-popup::btn-close-normal.png"
                              imageS="play-popup::btn-close-selected.png" />
                              
                        <node name="btnHint1" type="menuitem" pos="0x10" scale_effect="no" callback="showHint1"
                              imageN="play-popup::btn-help-option-normal.png"
                              imageS="play-popup::btn-help-option-selected.png"
                              imageD="play-popup::btn-help-option-disabled.png">
                            <children>
                                <node type="label" text="4" pos="19x19" font="my assets/fonts/bebasneue" color="0b2f45" />
                                <node type="label" text="#little help to search#" pos="36x19" font="my assets/fonts/bebasneue" color="0b2f45" center="0x0.5" scale="0.8x0.8" />
                            </children>
                        </node>
                        
                        <node name="moreCredits" type="menuitem" pos="0x-75" scale_effect="no" callback="cb_store"
                              imageN="play-popup::btn-store-normal.png"
                              imageS="play-popup::btn-store-selected.png" />
                    </children>
                </node>
            </children>
        </node>
        
        <!-- popup skip -->
        <node name="popupSkip" type="layer" visible="false">
            <children>
                <node type="sprite" image="common-images::bg-overlay.png" scale="1.5x1.5" pos="240x160" />
                <node type="sprite" image="play-popup::skip-bg.png" pos="240x160" />
                <node type="sprite" image="play-popup::info-bg.png" pos="270x225" />
                <node type="label" font="packs/soccer/fonts/sf-sports-night" scale="0.9x0.9" color="333333" pos="201x225" text="#skip#" />
                <node type="label" name="userCredits" align="right" font="my assets/fonts/bebasneue" color="0b2f45" pos="270x224" />
                
                <!-- menu -->
                <node name="menu" type="menu">
                    <children>
                        <node type="menuitem" pos="62x100" scale_effect="no" callback="hideSkip"
                              imageN="play-popup::btn-close-normal.png"
                              imageS="play-popup::btn-close-selected.png" />
                        <node name="btnSkipConfirmation" type="menuitem" pos="0x10" callback="skip"
                              imageN="play-popup::btn-skip-option-normal.png"
                              imageS="play-popup::btn-skip-option-selected.png"
                              imageD="play-popup::btn-skip-option-disabled.png" >
                            <children>
                                <node type="label" text="8" pos="19x19" font="my assets/fonts/bebasneue" color="0b2f45" />
                                <node type="label" text="#I give up!#" pos="36x19" font="my assets/fonts/bebasneue" color="0b2f45" center="0x0.5" scale="0.8x0.8" />
                            </children>
                        </node>
                        <node name="moreCredits" type="menuitem" pos="0x-55" scale_effect="no" callback="cb_store"
                              imageN="play-popup::btn-store-normal.png"
                              imageS="play-popup::btn-store-selected.png" />
                    </children>
                </node>
            </children>
        </node>
        
        <!-- popup right -->
        <node name="popupRight" type="node" pos="240x160" visible="false">
            <children>
                <node name="hand2" type="sprite" image="win-lose-popup::win-hand-2.png" pos="15x0"
                      animation="RepeatForever[Sequence[  MoveBy[0.5,4,12], MoveBy[0.5,-4,-12]  ]]" />
                <node name="hand1" type="sprite" image="win-lose-popup::win-hand-1.png" pos="-15x0"
                      animation="RepeatForever[Sequence[  MoveBy[0.4,-4,12], MoveBy[0.4,4,-12]  ]]" />
            </children>
        </node>
        
        <!-- popup wrong -->
        <node name="popupWrong" type="node" pos="240x160" visible="false">
            <children>
                <node name="bg" type="sprite" image="common-images::bg-overlay.png" scale="1.5x1.5" opacity="0" />
                <node name="card2" type="sprite" image="win-lose-popup::lose-card-2.png" pos="15x0"
                      animation="RepeatForever[Sequence[  MoveBy[0.5,4,12], MoveBy[1.0,-4,-12]  ]]" />
                <node name="card1" type="sprite" image="win-lose-popup::lose-card-1.png" pos="-15x0"
                      animation="RepeatForever[Sequence[  MoveBy[0.3,-4,12], MoveBy[1.2,4,-12]  ]]" />
                <node name="whistle" type="sprite" image="win-lose-popup::lose-whistle.png" pos="0x-10" />
            </children>
        </node>
    </children>
    
    <actions>
        <action name="fadeIn" value="FadeIn[0.2]" />
        <action name="fadeOut" value="FadeOut[0.1]" />
        <action name="slideInL" value="Sequence[  MoveBy[0,-50,0], Spawn[FadeIn[0.2], EaseOut[MoveBy[0.5,50,0],5]]  ]" />
        <action name="slideInR" value="Sequence[  MoveBy[0,50,0], Spawn[FadeIn[0.2], EaseOut[MoveBy[0.5,-50,0],5]]  ]" />
        <action name="slideInT" value="Sequence[  MoveBy[0,0,50], Spawn[FadeIn[0.2], EaseOut[MoveBy[0.5,0,-50],5]]  ]" />
        <action name="slideInB" value="Sequence[  MoveBy[0,0,-50], Spawn[FadeIn[0.2], EaseOut[MoveBy[0.5,0,50],5]]  ]" />
        <action name="slideOutL" value="Spawn[FadeOut[0.2], MoveBy[0.5,-50,0]]" />
        <action name="slideOutR" value="Spawn[FadeOut[0.2], MoveBy[0.5,50,0]]" />
        <action name="slideOutT" value="Spawn[FadeOut[0.2], MoveBy[0.5,0,50]]" />
        <action name="slideOutB" value="Spawn[FadeOut[0.2], MoveBy[0.5,0,-50]]" />
    </actions>
    
    <events>
        <eventlist name="onInit">
            <runsequenceaction interval="1.0" action="slideInL" target="menu/back" />
            <runsequenceaction interval="0.1" action="slideInR" target="menu/help" />
            <runsequenceaction interval="0.1" action="slideInR" target="menu/skip" />
            <runsequenceaction interval="0.1" action="slideInR" target="menu/store" />
            <runsequenceaction interval="0.1" action="fadeIn" target="answerTypeTypingHolder" />
            <runsequenceaction interval="0.1" action="slideInB" target="description" />
        </eventlist>
        <eventlist name="onShowRewardedVideoButton">
            <runaction action="fadeIn" target="menuRewardedVideo/buttonRewardedVideo" />
        </eventlist>
        <eventlist name="onSetAsFourOptions">
            <runsequenceaction interval="0.1" action="fadeIn" target="answerTypeSelectHolder/option1" />
            <runsequenceaction interval="0.1" action="fadeIn" target="answerTypeSelectHolder/option2" />
            <runsequenceaction interval="0.1" action="fadeIn" target="answerTypeSelectHolder/option3" />
            <runsequenceaction interval="0.1" action="fadeIn" target="answerTypeSelectHolder/option4" />
        </eventlist>
        <eventlist name="onShowHelpPopup">
            <setproperty property="opacity" value="0" target="popupHelp/hint" />
            <setproperty property="opacity" value="255" target="popupHelp/menu/btnHint1" />
            <setproperty property="visible" value="true" target="popupHelp" />
        </eventlist>
        <eventlist name="onShowHint">
            <runsequenceaction interval="0.2" action="fadeIn" target="popupHelp/hint" />
            <runaction action="fadeOut" target="popupHelp/menu/btnHint1" />
        </eventlist>
        <eventlist name="onRight">
            <playsound sound="packs/soccer/audios/whoohoo" />
            <runparticle particle="packs/soccer/particles/flares.plist" target="particlesHolder" duration="0.5" scale="0.4x0.4" />
            <runparticle particle="packs/soccer/particles/flashes.plist" target="particlesHolder2" duration="2.0" />
            <runaction action="slideOutB" target="iconTypeAudioHolder" />
            <runaction action="slideOutL" target="menu/back" />
            <runaction action="slideOutR" target="menu/help" />
            <runaction action="slideOutR" target="menu/skip" />
            <runaction action="slideOutR" target="menu/store" />
            <runaction action="fadeOut" target="answerTypeTypingHolder" />
            <runaction action="slideOutB" target="description" />
            <runaction action="slideOutT" target="iconTypeImageHolder/icon" />
            <runaction action="fadeOut" target="menuRewardedVideo/buttonRewardedVideo" />
            <runaction action="slideOutL" target="answerTypeSelectHolder/option1" />
            <runaction action="slideOutR" target="answerTypeSelectHolder/option2" />
            <runaction action="slideOutL" target="answerTypeSelectHolder/option3" />
            <runaction action="slideOutR" target="answerTypeSelectHolder/option4" />
            <runaction action="slideOutT" target="headerBG" />
        </eventlist>
        <eventlist name="onWrong">
            <playsound sound="packs/soccer/audios/whistle" />
            <runparticle particle="packs/soccer/particles/flashes.plist" target="particlesHolder2" duration="2.0" />
            <runaction action="slideOutB" target="iconTypeAudioHolder" />
            <runaction action="slideOutL" target="menu/back" />
            <runaction action="slideOutR" target="menu/help" />
            <runaction action="slideOutR" target="menu/skip" />
            <runaction action="slideOutR" target="menu/store" />
            <runaction action="fadeOut" target="answerTypeTypingHolder" />
            <runaction action="slideOutB" target="description" />
            <runaction action="slideOutT" target="iconTypeImageHolder/icon" />
            <runaction action="fadeOut" target="menuRewardedVideo/buttonRewardedVideo" />
            <runaction action="slideOutL" target="answerTypeSelectHolder/option1" />
            <runaction action="slideOutR" target="answerTypeSelectHolder/option2" />
            <runaction action="slideOutL" target="answerTypeSelectHolder/option3" />
            <runaction action="slideOutR" target="answerTypeSelectHolder/option4" />
            <runaction action="slideOutT" target="headerBG" />
        </eventlist>
    </events>
    
    <effects>
        <light normalmap="packs/soccer/images/playScreen/images" pos="100x160x70" bright="2" lightcolor="ffffff" ambientlightcolor="999999" radius="350"
               animation="RepeatForever[Sequence[ MoveTo[3,240,270], MoveTo[3,380,160], MoveTo[3,240,50], MoveTo[3,100,160] ]]" >
           <target value="headerBG" />
           <target value="answerTypeTypingHolder/menu/backspace/normal" />
           <target value="answerTypeTypingHolder/menu/backspace/selected" />
           <target value="answerTypeSelectHolder/option1/normal" />
           <target value="answerTypeSelectHolder/option2/normal" />
           <target value="answerTypeSelectHolder/option3/normal" />
           <target value="answerTypeSelectHolder/option4/normal" />
           <target value="answerTypeSelectHolder/option1/selected" />
           <target value="answerTypeSelectHolder/option2/selected" />
           <target value="answerTypeSelectHolder/option3/selected" />
           <target value="answerTypeSelectHolder/option4/selected" />
           <target value="iconTypeAudioHolder/playerStopped" />
           <target value="iconTypeAudioHolder/playerPlaying" />
           <target value="iconTypeAudioHolder/player/play/normal" />
           <target value="iconTypeAudioHolder/player/play/selected" />
           <target value="menu/back/normal" />
           <target value="menu/back/selected" />
           <target value="menu/help/normal" />
           <target value="menu/help/selected" />
           <target value="menu/skip/normal" />
           <target value="menu/skip/selected" />
           <target value="menu/store/normal" />
           <target value="menu/store/selected" />
        </light>
    </effects>
</mainLayer>
