<mainLayer name="mainLayer">
    <params>
        <param name="itemsXML" value="individual" />
        <param name="scrollW" value="300" />
        <param name="scrollH" value="235" />
        <param name="itemH" value="70" />
    </params>
    
    <children>
        
        <!-- levels list itself -->
        <node name="background" type="sprite" image="levels-images::bg.png" pos="240x175" scale="1.4x9" />
        <node name="list" type="node" pos="215x177" />
        <node name="backgroundHeader" type="sprite" image="levels-images::title-play-#languageid#-normal.png" pos="240x286" scale="1.4x1.4" />
        
        <node name="footerCarrousel" type="layer">
            <children>
                <node name="graph" type="sprite" pos="240x40" scale="1.4x1.4" />
            </children>
        </node>
        
        <!-- menu -->
        <node name="menu" type="menu" pos="190x302.5">
            <children>
                <node name="back" type="menuitem" pos="-25x0" callback="back"
                      imageN="levels-images::btn-back-normal.png"
                      imageS="levels-images::btn-back-selected.png" />
            </children>
        </node>
        
        <!-- curtain animation -->
        <node name="curtain" type="layer">
            <children>
                <node name="background-left" type="sprite" image="levels-images::bg-transition-left.png" pos="173x160" scale="1.2x1.2" />
                <node name="background-right" type="sprite" image="levels-images::bg-transition-right.png" pos="306x160" scale="1.2x1.2" />
            </children>
        </node>
    </children>
    
    <actions>
        <action name="curtainAnimationLeft" value="Sequence[DelayTime[1],MoveTo[2,20,160]]" />
        <action name="curtainAnimationRight" value="Sequence[DelayTime[1],MoveTo[2,450,160]]" />
        
        <action name="playCarrousel" value="RepeatForever[Sequence[Animate[3,[folder:levels-images::,frames:bg-levels-01.png,bg-levels-02.png]]]]" />
    </actions>
    
    <events>
        <eventlist name="onEnter">
            <runaction action="curtainAnimationLeft" target="curtain/background-left" />
            <runaction action="curtainAnimationRight" target="curtain/background-right" />

            <runaction action="playCarrousel" target="footerCarrousel/graph" />
        </eventlist>
    </events>
</mainLayer>
