<mainLayer name="mainLayer">
    <resources>
        <group name="images">
            <!-- common - must have -->
            <resource path="my assets/images/images" name="common-images" />
            <resource path="my assets/images/theend" name="theend-images" />
            <resource path="my assets/common/btns" name="btns-images" />
            <resource path="my assets/rateme/images" name="rateme-general" />
            <resource path="my assets/images/store-ranking" name="store-ranking" />
            
            <!-- levels -->
            <resource path="packs/main/images/levelsScreen/images" name="levels-images" />
            
            <!-- ranking -->
            <resource path="packs/main/images/rankingScreen/images" name="ranking-images" />
            
            <!-- play -->
            <resource path="packs/main/images/playScreen/images" name="play-images" />
            <resource path="packs/main/images/playScreen/images.#languageid#" name="play-images-i18n" />
            <resource path="packs/main/images/playScreen/right" name="right" />
            <resource path="packs/main/images/playScreen/wrong" name="wrong" />
        </group>
    </resources>
</mainLayer>
