<mainLayer name="mainLayer">
    <params>
        <param name="itemsXML" value="individual" />
        <param name="scrollW" value="220" />
        <param name="scrollH" value="250" />
        <param name="itemH" value="60" />
    </params>
    
    <children>
        <!-- background and flourish elements -->
        <node name="background" type="sprite" image="levels-images::bg.png" pos="240x160" scale="2.2x2.24" />
        
        <!-- levels list itself -->
        <node name="list" type="node" pos="240x155" />
        
        <!-- header -->
        <node name="header" type="effectsprite" image="levels-images::title.png" pos="279x295" />
        
        <!-- menu -->
        <node name="menu" type="menu" pos="181x292">
            <children>
                <node name="back" type="menuitem" pos="0x0" callback="back" scale_effect="no"
                  effectimageN="levels-images::btn-back-normal.png" imageS="levels-images::btn-back-selected.png" />
            </children>
        </node>
    </children>
    
    <effects>
        <light normalmap="packs/expansion/images/levelsScreen/images" pos="100x160x50" bright="0.5" lightcolor="ffffff" ambientlightcolor="cccccc" radius="350"
               animation="RepeatForever[Sequence[ MoveTo[4,240,220], MoveTo[4,380,160], MoveTo[4,240,100], MoveTo[4,100,160] ]]" autoapply="false" >
            <target value="header" />
            <target value="menu/back/normal" />
            <target value="list/scroll/item1/normal" />
            <target value="list/scroll/item1/selected" />
            <target value="list/scroll/item1/disabled" />
            <target value="list/scroll/item1/level" />
            <target value="list/scroll/item1/locker" />
            <target value="list/scroll/item2/normal" />
            <target value="list/scroll/item2/selected" />
            <target value="list/scroll/item2/disabled" />
            <target value="list/scroll/item2/level" />
            <target value="list/scroll/item2/locker" />
            <target value="list/scroll/item3/normal" />
            <target value="list/scroll/item3/selected" />
            <target value="list/scroll/item3/disabled" />
            <target value="list/scroll/item3/level" />
            <target value="list/scroll/item3/locker" />
            <target value="list/scroll/item4/normal" />
            <target value="list/scroll/item4/selected" />
            <target value="list/scroll/item4/disabled" />
            <target value="list/scroll/item4/level" />
            <target value="list/scroll/item4/locker" />
            <target value="list/scroll/item5/normal" />
            <target value="list/scroll/item5/selected" />
            <target value="list/scroll/item5/disabled" />
            <target value="list/scroll/item5/level" />
            <target value="list/scroll/item5/locker" />
        </light>
    </effects>
</mainLayer>
