<mainLayer name="mainLayer">
    <params>
        <param name="scrollW" value="300" />
        <param name="scrollH" value="240" />
        <param name="itemH" value="60" />
    </params>
    
    <children>
        <!-- background and flourish elements -->
        <node type="sprite" image="levels-images::bg.png" pos="240x160" scale="2.3x2.3" />
        
        <!-- levels list itself -->
        <node name="list" type="node" pos="220x180" midres-pos="220x180" lowres-pos="222x160" scale="1.25x1.25" />
        
        <!-- header -->
        <node type="sprite" image="levels-title::title-#languageid#-1.png" pos="240x275" scale="1.4x1.4"
              animation="RepeatForever[ Animate[1,[folder:levels-title::,indexes:title-#languageid#-.png,1:2]]  ]" />
        
        <!-- menu -->
        <node name="menu" type="menu" pos="190x303.5">
            <children>
                <node name="back" type="menuitem" pos="-25x0" callback="back"
                      imageN="levels-images::btn-back-normal.png"
                      imageS="levels-images::btn-back-selected.png" />
            </children>
        </node>
    </children>
</mainLayer>
