<mainLayer name="mainLayer">
    <params>
        <param name="scrollW" value="300" />
        <param name="scrollH" value="200" />
        <param name="itemH" value="65" />
    </params>
    <children>
        <!-- background and flourish elements -->
        <node name="background" type="sprite" image="levels-images::bg.png" pos="240x160" scale="1.1x1.1" />
        
        <node name="silhouetes" type="sprite" image="levels-images::silhouetes.png" pos="240x230" scale="1.25x1.1"
            animation="RepeatForever[Sequence[  DelayTime[1], MoveBy[3,-1,3], DelayTime[1],  MoveBy[3,1,-3]  ]]" />
        
        <!-- levels list itself -->
        <node name="list" type="node" pos="200x140" />
        
        <node name="logo" type="sprite" image="levels-images::title.png" pos="240x358" scale="1.1x1.1"
              animation="Sequence[DelayTime[1], MoveBy[1,0,-80]]"/>        
        
        <!-- menu -->
        <node name="menu" type="menu" pos="190x302.5">
            <children>
                <node name="back" type="menuitem" pos="-20x-7" callback="back"
                      imageN="levels-images::btn-back-normal.png"
                      imageS="levels-images::btn-back-selected.png" />
            </children>
        </node>
    </children>
</mainLayer>
