<node name="item" type="menuitem" scale_effect="no"
      imageN="levels-images::menu-item-normal.png"
      imageS="levels-images::menu-item-selected.png"
      effectimageD="levels-images::menu-item-normal.png" >
    <children>
        <node name="locker" type="sprite" image="levels-images::locker.png" visible="false" pos="134x10" />
        <node name="title" type="label" font="packs/soccer/fonts/sf-sports-night" color="093050" text="nivel" pos="45x10" />
        <node name="progress" type="label" font="my assets/fonts/bebasneue" color="093050" text="0 / 50" scale="0.4x0.4" pos="101x7" />
    </children>
    
    <effects>
        <simple shader="packs/soccer/shaders/greyScale.frag">
            <target value="disabled" />
        </simple>
    </effects>
</node>
