<mainLayer name="mainLayer">
    <params>
        <param name="scrollW" value="300" />
        <param name="scrollH" value="240" />
        <param name="itemH" value="40" />
    </params>
    
    <children>
        <!-- background and flourish elements -->
        <node name="background" type="sprite" image="home-images::bg.png" pos="240x160" scale="2.2x2.2"
              animation="RepeatForever[Sequence[
                           Spawn[ScaleTo[0.4,2.25,2.25],MoveTo[0.5,237,160]],
                           Spawn[ScaleTo[0.6,2.2,2.2],MoveTo[0.2,240,160]],
                           Spawn[ScaleTo[0.4,2.25,2.25],MoveTo[0.5,237,160]],
                           Spawn[ScaleTo[0.6,2.2,2.2],MoveTo[0.2,240,160]],
                           Spawn[ScaleTo[0.4,2.25,2.25],MoveTo[0.2,243,160]],
                           Spawn[ScaleTo[0.6,2.2,2.2],MoveTo[0.2,240,160]],
                           Spawn[ScaleTo[0.4,2.25,2.25],MoveTo[0.2,243,160]],
                           Spawn[ScaleTo[0.6,2.2,2.2],MoveTo[0.2,240,160]]  ]]" />
        <node name="particlesHolder" type="layer" pos="240x240" />
        <node name="particlesHolder2" type="layer" pos="240x120" />
        
        <!-- levels list itself -->
        <node name="list" type="node" pos="200x150" />
        
        <!-- header -->
        <node type="sprite" name="headerBG" pos="240x295" image="levels-images::header-bg.png" />
        <node type="label" font="packs/soccer/fonts/sf-sports-night" scale="0.9x0.9" color="ffffff" pos="240x295" text="#levels#" />
        
        <!-- menu -->
        <node name="menu" type="menu" pos="170x295">
            <children>
                <node name="back" type="menuitem" pos="0x0" callback="back" scale_effect="no"
                      effectimageN="levels-images::btn-back-normal.png" imageS="levels-images::btn-back-selected.png" />
            </children>
        </node>
    </children>
    
    <events>
        <eventlist name="onEnter">
            <runparticle particle="packs/soccer/particles/flashes.plist" target="particlesHolder2" />
        </eventlist>
    </events>
</mainLayer>
