<mainLayer name="mainLayer">
    <params>
        <param name="itemsXML" value="individual" />
        <param name="scrollW" value="300" />
        <param name="scrollH" value="250" />
        <param name="itemH" value="65" />
    </params>
    <children>
        <!-- background and flourish elements -->
        <node name="background" type="sprite" image="levels-images::bg.png" pos="240x160" scale="1.3x1.3" />
        
        <!-- levels list itself -->
        <node name="list" type="node" pos="200x155" />
        
        <!-- header -->
        <node name="backgroundHeader1" type="sprite" image="levels-images::bg-title-play-layer1.png" pos="240x250"
              animation="RepeatForever[ Sequence[ ScaleTo[0.7,1.1,1.1], ScaleTo[1,1,1] ] ]" />
        <node name="backgroundHeader2" type="sprite" image="levels-images::bg-title-play-layer2.png" pos="240x260"
              animation="RepeatForever[ Sequence[ ScaleTo[0.3,1.1,1.1], ScaleTo[1,1,1] ] ]" />
        <node name="backgroundHeader3" type="sprite" image="levels-images::bg-title-play-layer3.png" pos="240x270"
              animation="RepeatForever[ Sequence[ ScaleTo[0.5,1.1,1.1], ScaleTo[1,1,1] ] ]" />
        <node name="title" type="sprite" image="levels-images::bg-title-play-layer3.png" pos="240x260"
              animation="RepeatForever[ Animate[1,[folder:levels-title::,indexes:title-play-#languageid#-.png,1:4]] ]" />
        
        <!-- menu -->
        <node name="menu" type="menu" pos="190x302.5">
            <children>
                <node name="back" type="menuitem" pos="-30x0" callback="back"
                      imageN="levels-images::btn-back-normal.png"
                      imageS="levels-images::btn-back-selected.png" />
            </children>
        </node>
    </children>
</mainLayer>
