<mainLayer name="mainLayer">
    
    <children>
        <!-- background and flourish elements -->
        <node name="background" type="sprite" image="images::bg-play.png" pos="240x160" scale="2.3x2.3" />
        <node name="silhouetes1" type="sprite" image="images::bg-silhouetes.png" pos="240x290" scale="1.4x1.4" />
        
        <!-- header -->
        <node name="header" type="sprite" image="images::bg-header.png" pos="240x290" scale="1.4x1.4" />
        <node name="headerInk" type="sprite" pos="240x290"
              animation="RepeatForever[  Animate[3,[folder:bg-header-ink::,indexes:bg-header-ink-.png,1:3]]  ]"/>
        <node name="headerBgButtons" type="sprite" image="images::bg-header-buttons.png" pos="240x290" scale="1.25x1.25"
              animation="RepeatForever[Sequence[  RotateTo[3,2],RotateTo[3,-2]  ]]"/>
        <node name="userScore" type="label" font="packs/bieber/fonts/caviardreams" scale="0.4x0.4" pos="230x309" opacity="0" />
        <node name="answeredTotal" type="label" font="packs/bieber/fonts/caviardreams" scale="0.4x0.4" pos="259x309" opacity="0" />
        <node name="userCredits" type="label" font="packs/bieber/fonts/caviardreams" scale="0.4x0.4" pos="242x297" opacity="0" />
        
        <!-- menu -->
        <node name="menu" type="menu" pos="178x302" opacity="0">
            <children>
                <node name="back" type="menuitem" pos="-10x0" lowres-pos="-15x0" callback="back"
                      imageN="images::btn-back-normal-play.png"
                      imageS="images::btn-back-selected-play.png" />
                <node name="store" type="menuitem" pos="16x0" lowres-pos="11x0" callback="cb_store"
                      imageN="images::btn-store-normal.png"
                      imageS="images::btn-store-selected.png" />
                <node name="help" type="menuitem" pos="108x0" lowres-pos="113x0" callback="showHelp"
                      imageN="images::btn-help-normal.png"
                      imageS="images::btn-help-selected.png" />
                <node name="skip" type="menuitem" pos="138x0" callback="showSkip"
                      imageN="images::btn-skip-normal.png"
                      imageS="images::btn-skip-selected.png" />
            </children>
        </node>
        
        <!-- play elements / icon -->
        <node name="iconTypeImageHolder" type="layer" visible="false">
            <children>
                <node name="icon" type="sprite" pos="240x219" scale="0.8x0.8" />
                <node name="frame" type="sprite" pos="240x210"
                animation="RepeatForever[  Animate[3,[folder:bg-challenges::,indexes:bg-challenge-image-.png,1:4]]  ]"/>
            </children>
        </node>
        <node name="iconTypeTextHolder" type="layer" visible="false">
            <children>
                <node name="bg" type="sprite" pos="240x218"
                      image="images::bg-challenge-text.png"/>
                <node name="frame" type="sprite" pos="240x210"
                      animation="RepeatForever[  Animate[3,[folder:bg-challenges::,indexes:bg-challenge-image-.png,1:4]]  ]"/>
                <node name="icon" type="label" pos="240x212" textwidth="60" align="center"
                      font="packs/bieber/fonts/caviardreams" scale="0.5x0.5" />
            </children>
        </node>
        <node name="iconTypeAudioHolder" type="layer" visible="false">
            <children>
                <node name="playerStopped" type="sprite" pos="240x220"
                      image="bg-challenges::bg-challenge-audio-1.png"/>
                <node name="playerPlaying" type="sprite" pos="240x220" visible="false"
                      animation="RepeatForever[  Animate[3,[folder:bg-challenges::,indexes:bg-challenge-audio-.png,1:3]]  ]"/>
                <node name="player" type="menu">
                    <children>
                        <node name="play" type="menuitem" pos="0x60" callback="playLevelAudio"
                              imageN="images::btn-play-normal.png"
                              imageS="images::btn-play-selected.png"  />
                    </children>
                </node>
                <node name="descriptionBg" pos="240x162" scale="0.96x0.96" opacity="0" type="sprite" image="images::bg-description.png" />
            </children>
        </node>
        
        <!-- description -->
        <node name="description" type="label" font="packs/bieber/fonts/caviardreams" pos="240x160" scale="0.7x0.7" opacity="0" />
        
        <!-- play elements / answer -->
        <node name="answerTypeTypingHolder" type="layer" visible="false">
            <children>
                <node name="answer" type="label" />
                <node name="keyboardHolder" type="layer" />
                <node name="menu" type="menu" pos="316x125" opacity="0">
                    <children>
                        <node name="backspace" type="menuitem" pos="0x0" callback="backspace"
                              imageN="images::btn-backspace-normal.png"
                              imageS="images::btn-backspace-selected.png" />
                    </children>
                </node>
            </children>
        </node>
        <node name="answerTypeSelectHolder" type="menu" visible="false">
            <children>
                <node name="option1" type="menuitem" pos="0x-34" callback="answerOption1"
                      font="packs/bieber/fonts/caviardreams" textscale="0.5x0.5"
                      imageN="images::btn-option-normal.png"
                      imageS="images::btn-option-selected.png" />
                <node name="option2" type="menuitem" pos="0x-61" callback="answerOption2"
                      font="packs/bieber/fonts/caviardreams" textscale="0.5x0.5"
                      imageN="images::btn-option-normal.png"
                      imageS="images::btn-option-selected.png" />
                <node name="option3" type="menuitem" pos="0x-88" callback="answerOption3"
                      font="packs/bieber/fonts/caviardreams" textscale="0.5x0.5"
                      imageN="images::btn-option-normal.png"
                      imageS="images::btn-option-selected.png" />
                <node name="option4" type="menuitem" pos="0x-115" callback="answerOption4"
                      font="packs/bieber/fonts/caviardreams" textscale="0.5x0.5"
                      imageN="images::btn-option-normal.png"
                      imageS="images::btn-option-selected.png" />
            </children>
        </node>
        
        <!-- rewarded video -->
        <node name="menuRewardedVideo" type="menu">
            <children>
                <node name="buttonRewardedVideo" type="menuitem" pos="73x90" scale="0.6x0.6" callback="showRewardedVideoPopup" opacity="0"
                imageN="common-images::free-credits-#languageid#.png"
                animation="RepeatForever[Sequence[ScaleTo[0.5,0.7,0.7], Repeat[Sequence[RotateTo[0.1,2],RotateTo[0.1,-2]],5], ScaleTo[0.3,0.6,0.6], DelayTime[10]]]" />
            </children>
        </node>
        <node name="popupRewardedVideo" type="layer" visible="false">
            <children>
                <node type="sprite" image="common-images::bg-overlay.png" scale="1.5x1.5" pos="240x160" />
                <node type="label" font="my assets/fonts/lithos-pro" pos="240x190" text="#Video Ad#" />
                <node type="label" font="my assets/fonts/lithos-pro" scale="0.5x0.5" pos="240x170" text="#Watch a video ad to win 5 credits#" />
                
                <!-- menu -->
                <node name="menu" type="menu">
                    <children>
                        <node type="menuitem" pos="-24x-20" callback="playRewardedVideo"
                              imageN="common-images::btn-yes-normal.png"
                              imageS="common-images::btn-yes-selected.png" />
                        <node type="menuitem" pos="24x-20" callback="hideRewardedVideoPopup"
                              imageN="common-images::btn-no-normal.png"
                              imageS="common-images::btn-no-selected.png" />
                    </children>
                </node>
            </children>
        </node>
        
        <!-- popup right -->
        <node name="popupRight" type="node" pos="240x160" visible="false">
            <children>
                <node name="bg" type="sprite" image="common-images::bg-overlay.png" scale="1.5x1.5" opacity="0" />
                <node name="graph" type="sprite" scale="2x2" pos="0x0" />
            </children>
        </node>
        
        <!-- popup wrong -->
        <node name="popupWrong" type="node" pos="240x160" visible="false">
            <children>
                <node name="bg" type="sprite" image="common-images::bg-overlay.png" scale="1.5x1.5" opacity="0" />
                <node name="graph" type="sprite" scale="2x2" pos="0x0" />
            </children>
        </node>
        
        <!-- popup help -->
        <node name="popupHelp" type="layer" visible="false">
            <children>
                <node type="sprite" image="common-images::bg-overlay.png" scale="1.5x1.5" pos="240x160" />
                <node type="sprite" image="popup-help-images::bg-help.png" pos="240x160" scale="2x2" />
                <node type="sprite" image="popup-help-images-i18n::title-#languageid#.png" pos="205x217" />
                <node name="userCredits" type="label" align="right" font="packs/bieber/fonts/caviardreams" pos="285x220" />
                
                
                <!-- hint itself -->
                <node name="hint" type="label" font="packs/bieber/fonts/caviardreams" pos="frame:0.5x0.54" center="0.5x0.5" visible="false" textwidth="220" textalign="center" scale="0.7x0.7" />
                
                <!-- menu -->
                <node name="menu" type="menu">
                    <children>
                        <node type="menuitem" pos="57x-58" callback="hideHelp"
                              imageN="popup-help-images::btn-close-normal.png"
                              imageS="popup-help-images::btn-close-selected.png" />
                        <node name="btnHint1" type="menuitem" pos="0x-5" callback="showHint1"
                              imageN="popup-help-images-i18n::btn-hint-#languageid#-normal.png"
                              imageS="popup-help-images-i18n::btn-hint-#languageid#-selected.png"
                              imageD="popup-help-images-i18n::btn-hint-#languageid#-disabled.png" />
                        <node name="btnHint2" type="menuitem" />
                        <node name="btnHint3" type="menuitem" />
                        <node name="moreCredits" type="menuitem" pos="-25x-60" callback="cb_store"
                              imageN="popup-help-images-i18n::btn-store-#languageid#-normal.png"
                              imageS="popup-help-images-i18n::btn-store-#languageid#-selected.png" />
                    </children>
                </node>
            </children>
        </node>
        
        <!-- popup skip -->
        <node name="popupSkip" type="layer" visible="false">
            <children>
                <node type="sprite" image="common-images::bg-overlay.png" scale="1.5x1.5" pos="240x160" />
                <node type="sprite" image="popup-skip-images::bg-skip.png" pos="240x160" scale="2x2" />
                <node type="sprite" image="popup-skip-images-i18n::title-skip-#languageid#.png" pos="205x217" />
                <node name="userCredits" type="label" align="right" font="packs/bieber/fonts/caviardreams" pos="285x220" />
                
                <!-- menu -->
                <node name="menu" type="menu">
                    <children>
                        <node type="menuitem" pos="57x-58" callback="hideSkip"
                              imageN="popup-skip-images::btn-close-normal.png"
                              imageS="popup-skip-images::btn-close-selected.png" />
                        <node name="btnSkipConfirmation" type="menuitem" pos="0x-5" callback="skip"
                              imageN="popup-skip-images-i18n::btn-skip-confirmation-#languageid#-normal.png"
                              imageS="popup-skip-images-i18n::btn-skip-confirmation-#languageid#-selected.png"
                              imageD="popup-skip-images-i18n::btn-skip-confirmation-#languageid#-disabled.png" />
                        <node name="moreCredits" type="menuitem" pos="-25x-60" callback="cb_store"
                              imageN="popup-skip-images-i18n::btn-store-#languageid#-normal.png"
                              imageS="popup-skip-images-i18n::btn-store-#languageid#-selected.png" />
                    </children>
                </node>
            </children>
        </node>
    </children>
    
    <actions>
        <action name="fadeIn03" value="Sequence[  DelayTime[0.3],FadeIn[0.3]  ]" />
        <action name="fadeIn1" value="Sequence[  DelayTime[1.0],FadeIn[0.3]  ]" />
        <action name="fadeIn2" value="Sequence[  DelayTime[1.2],FadeIn[0.3]  ]" />
        <action name="fadeIn3" value="Sequence[  DelayTime[1.4],FadeIn[0.3]  ]" />
        <action name="fadeIn4" value="Sequence[  DelayTime[1.6],FadeIn[0.3]  ]" />
        <action name="fadeIn5" value="Sequence[  DelayTime[1.8],FadeIn[0.3]  ]" />
        <action name="fadeIn8" value="Sequence[  DelayTime[2.4],FadeIn[0.3]  ]" />
        <action name="fadeIn10" value="Sequence[  DelayTime[2.8],FadeIn[0.3]  ]" />
        <action name="rightAnimation" value="Animate[1,[folder:right::,indexes:right0.png,001:033]]" />
        <action name="wrongAnimation" value="Animate[1,[folder:wrong::,indexes:wrong0.png,001:033]]" />
    </actions>
    
    <events>
        <eventlist name="onEnter">
            <runaction action="fadeIn1" target="iconTypeAudioHolder/descriptionBg" />
            <runaction action="fadeIn1" target="description" />
            <runaction action="fadeIn3" target="answeredTotal" />
            <runaction action="fadeIn4" target="userScore" />
            <runaction action="fadeIn5" target="userCredits" />
            <runaction action="fadeIn8" target="menu" />
            <runaction action="fadeIn10" target="answerTypeTypingHolder/menu" />
        </eventlist>
        <eventlist name="onRight">
            <runaction action="fadeIn03" target="popupRight/bg" />
            <runaction action="rightAnimation" target="popupRight/graph" />
        </eventlist>
        <eventlist name="onWrong">
            <runaction action="fadeIn03" target="popupWrong/bg" />
            <runaction action="wrongAnimation" target="popupWrong/graph" />
        </eventlist>
        <eventlist name="onShowRewardedVideoButton">
            <runaction action="fadeIn03" target="menuRewardedVideo/buttonRewardedVideo" />
        </eventlist>
    </events>
</mainLayer>
