<mainLayer name="mainLayer">
    <resources>
        <group name="images">
            <!-- common - must have -->
            <resource path="my assets/images/images" name="common-images" />
            <resource path="my assets/images/theend" name="theend-images" />
            <resource path="my assets/common/btns" name="btns-images" />
            <resource path="my assets/rateme/images" name="rateme-general" />
            <resource path="my assets/images/store-ranking" name="store-ranking" />
            
            <!-- home -->
            <resource path="packs/taylor/images/fullScreen/images" name="home-images" />
            
            <!-- levels -->
            <resource path="packs/taylor/images/levelsScreen/images" name="levels-images" />
            <resource path="packs/taylor/images/levelsScreen/title-#languageid#" name="levels-title" />
            
            <!-- play -->
            <resource path="packs/taylor/images/playScreen/images" name="images" />
            <resource path="packs/taylor/images/playScreen/bg-challenges" name="bg-challenges" />
            <resource path="packs/taylor/images/playScreen/bg-header-ink" name="bg-header-ink" />
            <resource path="packs/taylor/images/playScreen/right" name="right" />
            <resource path="packs/taylor/images/playScreen/wrong" name="wrong" />
            <resource path="packs/taylor/images/playScreen/popup-help" name="popup-help" />
            <resource path="packs/taylor/images/playScreen/popup-skip" name="popup-skip" />
        </group>
    </resources>
</mainLayer>
