<mainLayer name="mainLayer">
    <params>
        <param name="scrollW" value="300" />
        <param name="scrollH" value="250" />
        <param name="itemH" value="60" />
    </params>
    
    <children>
        <!-- background and flourish elements -->
        <node name="background" type="sprite" image="home-images::bg.jpg" pos="240x160" scale="1.1x1.1" />
        
        <!-- levels list itself -->
        <node name="list" type="node" pos="200x145" />
        
        <!-- header -->
        <node name="title" type="sprite" image="levels-images::title-#languageid#.png" pos="240x305" scale="0.9x0.9" />
        
        <!-- menu -->
        <node name="menu" type="menu" pos="190x311">
            <children>
                <node name="back" type="menuitem" pos="-15x-5" callback="back" scale="0.8x0.8" scale_effect="no"
                      imageN="levels-images::btn-back-normal.png" imageS="levels-images::btn-back-selected.png" />
            </children>
        </node>
    </children>
</mainLayer>
