<mainLayer name="mainLayer">
    <resources>
        <group name="images">
            <!-- common - must have -->
            <resource path="my assets/images/images" name="common-images" />
            <resource path="my assets/images/theend" name="theend-images" />
            <resource path="my assets/common/btns" name="btns-images" />
            <resource path="my assets/rateme/images" name="rateme-general" />
            <resource path="my assets/images/store-ranking" name="store-ranking" />
            
            <!-- home -->
            <resource path="packs/soccer/images/fullScreen/images" name="home-images" />

            <!-- levels -->
            <resource path="packs/soccer/images/levelsScreen/images" name="levels-images" />

            <!-- play -->
            <resource path="packs/soccer/images/playScreen/images" name="play-images" />
            <resource path="packs/soccer/images/playScreen/popup" name="play-popup" />
            <resource path="packs/soccer/images/playScreen/win-lose" name="win-lose-popup" />
        </group>
    </resources>
</mainLayer>
