<mainLayer name="mainLayer">
    
    <children>
        <!-- background and flourish elements -->
        <node name="background" type="sprite" image="home-images::bg.jpg" pos="240x160" scale="1.2x1.2" />
        
        <!-- header -->
        <node name="header" type="sprite" image="hearts::header-bg.png" pos="240x297" />
        <node name="bgInfo" type="sprite" image="images::bg-info.png" pos="300x306" scale="0.8x0.8" />
        <node name="icoStar" type="sprite" image="images::ico-star.png" pos="290x311" />
        <node name="icoFlag" type="sprite" image="images::ico-flag.png" pos="290x306" />
        <node name="icoDollar" type="sprite" image="images::ico-dollar.png" pos="290x301" />
        <node name="userScore" type="label" font="my assets/fonts/bebasneue" color="0b2f45" pos="295x311" opacity="0" scale="0.35x0.35" center="0x0.5" />
        <node name="answeredTotal" type="label" font="my assets/fonts/bebasneue" color="0b2f45" pos="295x306" opacity="0" scale="0.35x0.35" center="0x0.5" />
        <node name="userCredits" type="label" font="my assets/fonts/bebasneue" color="0b2f45" pos="295x301" opacity="0" scale="0.35x0.35" center="0x0.5" />
        
        <!-- menu -->
        <node name="menu" type="menu" pos="178x305" opacity="0">
            <children>
                <node name="back" type="menuitem" pos="0x1" callback="back" scale_effect="no" scale="0.8x0.8"
                      imageN="images::btn-back-normal.png" imageS="images::btn-back-selected.png" />
            </children>
        </node>
        
        <node name="menu2" type="menu" pos="frame:0.68x0.6" opacity="0">
            <children>
                <node name="store" type="menuitem" pos="0x-25" callback="cb_store" scale_effect="no" scale="0.8x0.8"
                      imageN="images::btn-store-normal.png" imageS="images::btn-store-selected.png" />
                <node name="help" type="menuitem" pos="0x0" callback="showHelp" scale_effect="no" scale="0.8x0.8"
                      imageN="images::btn-help-normal.png" imageS="images::btn-help-selected.png" />
            </children>
        </node>

        
        <!-- play elements / icon -->
        <node name="iconTypeImageHolder" type="layer" visible="false">
            <children>
                <node name="icon" type="sprite" pos="240x211" scale="0.8x0.8" />
                <node name="frame" type="sprite" pos="240x202"
                      image="images::bg-challenge-image.png"/>
            </children>
        </node>
        <node name="iconTypeTextHolder" type="layer" visible="false">
            <children>
                <node name="bg" type="sprite" pos="240x218"
                      image="images::bg-challenge-text.png"/>
                <node name="icon" type="label" pos="240x212" textwidth="60" align="center"
                      font="my assets/fonts/bebasneue" color="0b2f45" scale="0.5x0.5" />
            </children>
        </node>
        <node name="iconTypeAudioHolder" type="layer" visible="false">
            <children>
                <node name="frame" type="sprite" pos="240x195" image="images::bg-challenge-audio.png"/>
                      
                <node name="playerStopped" type="sprite" pos="240x204" image="images::btn-play-normal.png" />
				
                <node name="playerPlaying" type="sprite" pos="239x206.5" visible="false" scale="1.5x1.5"
					animation="RepeatForever[ Animate[2,[folder:play-audio-animation::,indexes:play0.png,001:024]] ]" />
                    
                <node name="player" type="menu">
                    <children>
                        <node name="play" type="menuitem" pos="0x45" callback="playLevelAudio"
                              imageN="images::btn-play-normal.png"
                              imageS="images::btn-play-selected.png"  />
                    </children>
                </node>
            </children>
        </node>
        
        <!-- description -->
        <node name="description" type="label" pos="240x160" opacity="0" scale="0.7x0.7"
              font="my assets/fonts/bebasneue" color="0b2f45" />
        
        <!-- play elements / answer -->
        <node name="answerTypeTypingHolder" type="layer" visible="false">
            <children>
                <node name="answer" type="label" />
                <node name="keyboardHolder" type="layer" />
                <node name="menu" type="menu" pos="316x125" opacity="0">
                    <children>
                        <node name="backspace" type="menuitem" pos="0x0" callback="backspace"
                              imageN="images::btn-backspace-normal.png"
                              imageS="images::btn-backspace-selected.png" />
                    </children>
                </node>
            </children>
        </node>
        <node name="answerTypeSelectHolder" type="menu" visible="false">
            <children>
                <node name="option1" type="menuitem" pos="0x-34" callback="answerOption1" sound="packs/serie/audios/hit"
                      font="my assets/fonts/bebasneue" textcolor="0b2f45" opacity="0"
                      imageN="images::btn-option-normal.png"
                      imageS="images::btn-option-selected.png" />
                <node name="option2" type="menuitem" pos="0x-61" callback="answerOption2" sound="packs/serie/audios/hit"
                      font="my assets/fonts/bebasneue" textcolor="0b2f45" opacity="0"
                      imageN="images::btn-option-normal.png"
                      imageS="images::btn-option-selected.png" />
                <node name="option3" type="menuitem" pos="0x-88" callback="answerOption3" sound="packs/serie/audios/hit"
                      font="my assets/fonts/bebasneue" textcolor="0b2f45" opacity="0"
                      imageN="images::btn-option-normal.png"
                      imageS="images::btn-option-selected.png" />
                <node name="option4" type="menuitem" pos="0x-115" callback="answerOption4" sound="packs/serie/audios/hit"
                      font="my assets/fonts/bebasneue" textcolor="0b2f45" opacity="0"
                      imageN="images::btn-option-normal.png"
                      imageS="images::btn-option-selected.png" />
            </children>
        </node>
        
        <!-- rewarded video -->
        <node name="menuRewardedVideo" type="menu">
            <children>
                <node name="buttonRewardedVideo" type="menuitem" pos="73x90" scale="0.6x0.6" callback="showRewardedVideoPopup" opacity="0"
                imageN="common-images::free-credits-#languageid#.png"
                animation="RepeatForever[Sequence[ScaleTo[0.5,0.7,0.7], Repeat[Sequence[RotateTo[0.1,2],RotateTo[0.1,-2]],5], ScaleTo[0.3,0.6,0.6], DelayTime[10]]]" />
            </children>
        </node>
        <node name="popupRewardedVideo" type="layer" visible="false">
            <children>
                <node type="sprite" image="common-images::bg-overlay.png" scale="1.5x1.5" pos="240x160" />
                <node type="label" font="my assets/fonts/lithos-pro" pos="240x190" text="#Video Ad#" />
                <node type="label" font="my assets/fonts/lithos-pro" scale="0.5x0.5" pos="240x170" text="#Watch a video ad to win 5 credits#" />
                
                <!-- menu -->
                <node name="menu" type="menu">
                    <children>
                        <node type="menuitem" pos="-24x-20" callback="playRewardedVideo"
                              imageN="common-images::btn-yes-normal.png"
                              imageS="common-images::btn-yes-selected.png" />
                        <node type="menuitem" pos="24x-20" callback="hideRewardedVideoPopup"
                              imageN="common-images::btn-no-normal.png"
                              imageS="common-images::btn-no-selected.png" />
                    </children>
                </node>
            </children>
        </node>
        
        <!-- popup right -->
        <node name="popupRight" type="node" pos="240x160" visible="false">
            <children>
                <node name="bg" type="sprite" image="common-images::bg-overlay.png" scale="1.5x1.5" opacity="0" />
                <node name="graph" type="sprite" scale="2x2" pos="0x0" />
            </children>
        </node>
        
        <!-- popup wrong -->
        <node name="popupWrong" type="node" pos="240x160" visible="false">
            <children>
                <node name="bg" type="sprite" image="common-images::bg-overlay.png" scale="1.5x1.5" opacity="0" />
                <node name="graph" type="sprite" scale="2x2" pos="0x0" />
            </children>
        </node>
        
        <!-- popup help -->
        <node name="popupHelp" type="layer" visible="false">
            <children>
                <node type="sprite" image="common-images::bg-overlay.png" scale="1.5x1.5" pos="240x160" />
                <node type="sprite" image="play-popups::bg.png" pos="240x160" />
                <node type="sprite" image="play-popups::title-help-#languageid#.png" pos="205x217" />
                <node type="sprite" image="play-popups::bg-info.png" pos="285x217" />
                <node name="userCredits" type="label" align="right" font="my assets/fonts/bebasneue" color="0b2f45" pos="283x217.5" />
                
                <!-- hint itself -->
                <node name="hint" type="label" font="my assets/fonts/bebasneue" color="0b2f45" scale="0.7x0.7" pos="frame:0.5x0.54" center="0.5x0.5" visible="false" textwidth="220" textalign="center" />
                
                <!-- menu -->
                <node name="menu" type="menu">
                    <children>
                        <node type="menuitem" pos="57x-58" scale_effect="no" callback="hideHelp"
                              imageN="play-popups::btn-close-normal.png"
                              imageS="play-popups::btn-close-selected.png" />
                        <node name="btnHint1" type="menuitem" pos="0x0" scale_effect="no" callback="showHint1" scale="0.8x0.8"
                              imageN="play-popups::btn-normal.png"
                              imageS="play-popups::btn-selected.png"
                              imageD="play-popups::btn-disabled.png">
                            <children>
                                <node type="label" text="4" pos="18x24" font="my assets/fonts/bebasneue" color="0b2f45" />
                                <node type="label" text="#little help to search#" pos="90x24" font="my assets/fonts/bebasneue" color="0b2f45" />
                            </children>
                        </node>
                        <node name="btnHint2" type="menuitem" />
                        <node name="btnHint3" type="menuitem" />
                        <node name="moreCredits" type="menuitem" pos="-25x-60" scale_effect="no" callback="cb_store"
                              imageN="play-popups::btn-store-normal.png"
                              imageS="play-popups::btn-store-selected.png">
                            <children>
                                <node type="label" text="#more credits#" pos="48x16" font="my assets/fonts/bebasneue" color="0b2f45" />
                            </children>
                        </node>
                    </children>
                </node>
            </children>
        </node>
    </children>
    
    <actions>
        <action name="fadeIn" value="FadeIn[0.1]" />
        <action name="fadeOut" value="FadeOut[0.1]" />
        <action name="slideOutL" value="Spawn[  MoveBy[0.1,-20,0], FadeOut[0.1]  ]" />
        <action name="slideOutR" value="Spawn[  MoveBy[0.1,+20,0], FadeOut[0.1]  ]" />
        <action name="slideOutT" value="Spawn[  MoveBy[0.1,0,+20], FadeOut[0.1]  ]" />
        <action name="slideOutB" value="Spawn[  MoveBy[0.1,0,-20], FadeOut[0.1]  ]" />
        <action name="rightAnimation" value="Animate[1,[folder:right-animation::,indexes:right0.png,001:033]]" />
        <action name="wrongAnimation" value="Animate[1,[folder:wrong-animation::,indexes:wrong0.png,001:030]]" />
    </actions>
    
    <events>
        
        <eventlist name="onInit">
            <runsequenceaction interval="0.0" action="fadeIn" target="description" />
            <runsequenceaction interval="0.1" action="fadeIn" target="menu" />
            <runsequenceaction interval="0.1" action="fadeIn" target="menu2" />
            <runsequenceaction interval="0.1" action="fadeIn" target="answerTypeTypingHolder/menu" />
            <runsequenceaction interval="0.1" action="fadeIn" target="icoStar" />
            <runsequenceaction interval="0.1" action="fadeIn" target="icoFlag" />
            <runsequenceaction interval="0.1" action="fadeIn" target="icoDollar" />
            <runsequenceaction interval="0.1" action="fadeIn" target="userScore" />
            <runsequenceaction interval="0.1" action="fadeIn" target="answeredTotal" />
            <runsequenceaction interval="0.1" action="fadeIn" target="userCredits" />
        </eventlist>
        <eventlist name="onFinish">
            <runsequenceaction interval="0.1" action="slideOutL" target="menu" />
            <runsequenceaction interval="0.1" action="slideOutR" target="menu2" />
            <runsequenceaction interval="0.1" action="slideOutT" target="iconTypeImageHolder/icon" />
            <runsequenceaction interval="0.1" action="slideOutT" target="iconTypeTextHolder/icon" />
            <runsequenceaction interval="0.1" action="slideOutB" target="answerTypeSelectHolder" />
            <runsequenceaction interval="0.1" action="slideOutR" target="description" />
        </eventlist>
        
        <eventlist name="onSetAsFourOptions">
            <runsequenceaction interval="0.1" action="fadeIn" sound="packs/serie/audios/bubble" target="answerTypeSelectHolder/option1" />
            <runsequenceaction interval="0.1" action="fadeIn" sound="packs/serie/audios/bubble" target="answerTypeSelectHolder/option2" />
            <runsequenceaction interval="0.1" action="fadeIn" sound="packs/serie/audios/bubble" target="answerTypeSelectHolder/option3" />
            <runsequenceaction interval="0.1" action="fadeIn" sound="packs/serie/audios/bubble" target="answerTypeSelectHolder/option4" />
        </eventlist>
        <eventlist name="onRight">
            <runaction action="fadeIn" target="popupRight/bg" />
            <runparticle particle="my assets/particles/sparks.plist" life="2" pos="90x160" scale="0.8" target="popupRight/bg" />
            <runparticle particle="my assets/particles/stars.plist" life="2" pos="90x160" scale="0.8" target="popupRight/bg" />
        </eventlist>
        <eventlist name="onRightRanking">
            <runaction action="fadeIn" target="popupRight/bg" />
            <runparticle particle="my assets/particles/sparks.plist" life="2" pos="90x160" scale="0.8" target="popupRight/bg" />
            <runparticle particle="my assets/particles/stars.plist" life="2" pos="90x160" scale="0.8" target="popupRight/bg" />
        </eventlist>
        <eventlist name="onWrong">
            <runaction action="fadeIn" target="popupWrong/bg" />
            <runparticle particle="my assets/particles/fireworks-tiny.plist" life="2" pos="90x160" scale="0.6" target="popupWrong/bg" />
        </eventlist>
        <eventlist name="onTypingAnswer">
            <runsequenceaction sound="packs/serie/audios/hit" />
        </eventlist>
        <eventlist name="onShowRewardedVideoButton">
            <runaction action="fadeIn" target="menuRewardedVideo/buttonRewardedVideo" />
        </eventlist>
        <eventlist name="onShowHelpPopup">
            <setproperty property="opacity" value="0" target="popupHelp/hint" />
            <setproperty property="opacity" value="255" target="popupHelp/menu/btnHint1" />
            <setproperty property="visible" value="true" target="popupHelp" />
        </eventlist>
    </events>
</mainLayer>
