<mainLayer name="mainLayer">
    <params>
        <param name="itemsXML" value="individual" />
        <param name="scrollW" value="300" />
        <param name="scrollH" value="250" />
        <param name="itemH" value="75" />
    </params>
    <children>
        <!-- background and flourish elements -->
        <node name="background" type="sprite" image="levels-images::bg.png" pos="240x160" scale="1.3x1.3" />
        
        <node name="backgroundHeader2" type="sprite" image="levels-images::bg-levels-circles-big.png" pos="175x285" scale="1x1"
            animation="RepeatForever[Sequence[  RotateTo[18,170], RotateTo[9,-360] ]]" />

        <!-- levels list itself -->
        <node name="list" type="node" pos="200x145" />
        
        <!-- header -->
        <node name="title" type="sprite" image="levels-title::title-play-#languageid#-normal.png" pos="240x282" />
        
        <!-- menu -->
        <node name="menu" type="menu" pos="190x301">
            <children>
                <node name="back" type="menuitem" pos="-20x0" callback="back"
                      imageN="levels-images::btn-back-normal.png"
                      imageS="levels-images::btn-back-selected.png"/>
            </children>
        </node>
    </children>
</mainLayer>
