<mainLayer name="mainLayer">
    <params>
        <param name="itemsXML" value="individual" />
        <param name="scrollW" value="300" />
        <param name="scrollH" value="260" />
        <param name="itemH" value="62" />
    </params>
    <children>
        <!-- background and flourish elements -->
        <node name="background" type="sprite" image="home-images::background-main.png" pos="240x160" scale="2.6x2.6" />
        
        <!-- levels list itself -->
        <node name="list" type="node" pos="200x150" />
        
        <!-- flourish over the elements -->
        <node name="header" type="sprite" image="levels-images-i18n::BG-title-play-#languageid#-1.png" pos="230x293" scale="1.3x1.3"
              animation="RepeatForever[  Animate[1,[folder:levels-images-i18n::,indexes:BG-title-play-#languageid#-.png,1:2]]  ]"/>
        
        <node name="silhouetes1" type="sprite" image="levels-images::bg-silhouetes.png" pos="240x20" scale="1.3x1.3" />
        
        <!-- menu -->
        <node name="menu" type="menu" pos="190x302.5">
            <children>
                <node name="back" type="menuitem" pos="-25x0" callback="back"
                      imageN="levels-images::btn-back-normal.png"
                      imageS="levels-images::btn-back-selected.png" />
            </children>
        </node>
    </children>
</mainLayer>
