<mainLayer name="mainLayer">
    
    <children>
        <!-- background and flourish elements -->
        <node name="background" type="sprite" image="images::bg-play.png" pos="240x160" scale="2.4x2.4" />
        <node name="silhouetes1" type="sprite" image="images::bg-silhouetes-play.png" pos="240x70" scale="2.2x2.2" />
        
        <!-- description -->
        <node name="descriptionBg" pos="240x262" scale="0.96x0.96" opacity="0"
              type="sprite" image="images::bg-description.png" />
        <node name="description" type="label" pos="240x262" opacity="0" scale="0.7x0.7"
              font="my assets/fonts/lithos-pro" />
        
        <!-- header -->
        <node name="header" type="sprite" pos="240x295"
              animation="RepeatForever[  Animate[3,[folder:bg-header::,indexes:bg-header-.png,1:3]]  ]" />
        <node name="dollar" type="sprite" image="images::ico-dollar.png" pos="220x307" opacity="0" />
        <node name="userCredits" type="label" font="packs/elvis/fonts/caviardreams" scale="0.5x0.5"
            color="0f7479" pos="231x307" opacity="0" />
        <node name="flag" type="sprite" image="images::ico-flag.png" pos="245x307" opacity="0" />
        <node name="answeredTotal" type="label" font="packs/elvis/fonts/caviardreams" scale="0.5x0.5"
            color="0f7479" pos="255x307" opacity="0" />
        <node name="star" type="sprite" image="images::ico-star.png" pos="225x294" opacity="0" />
        <node name="userScore" type="label" font="packs/elvis/fonts/caviardreams" scale="0.4x0.4"
            color="0f7479" pos="242x294" opacity="0" />
        
        <!-- menu -->
        <node name="menu" type="menu" pos="178x301" opacity="0">
            <children>
                <node name="back" type="menuitem" pos="0x0" callback="back"
                      imageN="images::btn-back-normal-play.png"
                      imageS="images::btn-back-selected-play.png" />
                <node name="store" type="menuitem" pos="23x0" callback="cb_store"
                      imageN="images::btn-store-normal.png"
                      imageS="images::btn-store-selected.png" />
                <node name="help" type="menuitem" pos="101x0" callback="showHelp"
                      imageN="images::btn-help-normal.png"
                      imageS="images::btn-help-selected.png" />
                <node name="skip" type="menuitem" pos="124x0" callback="showSkip"
                      imageN="images::btn-skip-normal.png"
                      imageS="images::btn-skip-selected.png" />
            </children>
        </node>
        
        <!-- play elements / icon -->
        <node name="iconTypeImageHolder" type="layer" visible="false">
            <children>
                <node name="bg" type="sprite" pos="240x200"
                      animation="RepeatForever[  Animate[3,[folder:bg-challenges::,indexes:bg-challenge-image-.png,0:3]]  ]"/>
                <node name="icon" type="sprite" pos="239.8x200.1" scale="0.75x0.75" />
            </children>
        </node>
        <node name="iconTypeTextHolder" type="layer" visible="false">
            <children>
                <node name="bg" type="sprite" pos="240x200"
                      animation="RepeatForever[  Animate[3,[folder:bg-challenges::,indexes:bg-challenge-image-.png,0:3]]  ]"/>
                <node name="icon" type="label" pos="240x200" textalign="center" textwidth="160"
                      font="packs/elvis/fonts/caviardreams" scale="0.5x0.5" color="0f7479" />
            </children>
        </node>
        <node name="iconTypeAudioHolder" type="layer" visible="false">
            <children>
                <node name="playerStopped" type="sprite" pos="240x200"
                      image="bg-challenges::bg-challenge-audio-0.png"/>
                <node name="playerPlaying" type="sprite" pos="240x200" visible="false"
                      animation="RepeatForever[  Animate[3,[folder:bg-challenges::,indexes:bg-challenge-audio-.png,0:3]]  ]"/>
                <node name="player" type="menu">
                    <children>
                        <node name="play" type="menuitem" pos="0x40" callback="playLevelAudio"
                              imageN="images::btn-play-normal.png"
                              imageS="images::btn-play-selected.png"  />
                    </children>
                </node>
            </children>
        </node>
        
        <!-- play elements / answer -->
        <node name="answerTypeTypingHolder" type="layer" visible="false">
            <children>
                <node name="answer" type="label" />
                <node name="keyboardHolder" type="layer" />
                <node name="menu" type="menu" pos="316x125" opacity="0">
                    <children>
                        <node name="backspace" type="menuitem" pos="0x0" callback="backspace"
                              imageN="images::btn-backspace-normal.png"
                              imageS="images::btn-backspace-selected.png" />
                    </children>
                </node>
            </children>
        </node>
        <node name="answerTypeSelectHolder" type="menu" visible="false">
            <children>
                <node name="option1" type="menuitem" pos="0x-34" callback="answerOption1"
                      font="packs/elvis/fonts/caviardreams" textscale="0.6x0.6" textcolor="0f7479"
                      imageN="images::btn-option-normal.png"
                      imageS="images::btn-option-selected.png" />
                <node name="option2" type="menuitem" pos="0x-61" callback="answerOption2"
                      font="packs/elvis/fonts/caviardreams" textscale="0.6x0.6" textcolor="0f7479"
                      imageN="images::btn-option-normal.png"
                      imageS="images::btn-option-selected.png" />
                <node name="option3" type="menuitem" pos="0x-88" callback="answerOption3"
                      font="packs/elvis/fonts/caviardreams" textscale="0.6x0.6" textcolor="0f7479"
                      imageN="images::btn-option-normal.png"
                      imageS="images::btn-option-selected.png" />
                <node name="option4" type="menuitem" pos="0x-115" callback="answerOption4"
                      font="packs/elvis/fonts/caviardreams" textscale="0.6x0.6" textcolor="0f7479"
                      imageN="images::btn-option-normal.png"
                      imageS="images::btn-option-selected.png" />
            </children>
        </node>
        
        <!-- rewarded video -->
        <node name="menuRewardedVideo" type="menu">
            <children>
                <node name="buttonRewardedVideo" type="menuitem" pos="73x90" scale="0.6x0.6" callback="showRewardedVideoPopup" opacity="0"
                imageN="common-images::free-credits-#languageid#.png"
                animation="RepeatForever[Sequence[ScaleTo[0.5,0.7,0.7], Repeat[Sequence[RotateTo[0.1,2],RotateTo[0.1,-2]],5], ScaleTo[0.3,0.6,0.6], DelayTime[10]]]" />
            </children>
        </node>
        <node name="popupRewardedVideo" type="layer" visible="false">
            <children>
                <node type="sprite" image="common-images::bg-overlay.png" scale="1.5x1.5" pos="240x160" />
                <node type="label" font="my assets/fonts/lithos-pro" pos="240x190" text="#Video Ad#" />
                <node type="label"  font="my assets/fonts/lithos-pro" scale="0.5x0.5" pos="240x170" text="#Watch a video ad to win 5 credits#" />
                
                <!-- menu -->
                <node name="menu" type="menu">
                    <children>
                        <node type="menuitem" pos="-24x-20" callback="playRewardedVideo"
                        imageN="home-images::btn-yes-normal.png"
                        imageS="home-images::btn-yes-selected.png" />
                        <node type="menuitem" pos="24x-20" callback="hideRewardedVideoPopup"
                        imageN="home-images::btn-no-normal.png"
                        imageS="home-images::btn-no-selected.png" />
                    </children>
                </node>
            </children>
        </node>
        
        <!-- popup right -->
        <node name="popupRight" type="node" pos="240x160" visible="false">
            <children>
                <node name="bg" type="sprite" image="common-images::bg-overlay.png" scale="1.5x1.5" opacity="0" />
                <node name="graph" type="sprite" scale="2x2" pos="0x0" />
            </children>
        </node>
        
        <!-- popup wrong -->
        <node name="popupWrong" type="node" pos="240x160" visible="false">
            <children>
                <node name="bg" type="sprite" image="common-images::bg-overlay.png" scale="1.5x1.5" opacity="0" />
                <node name="graph" type="sprite" scale="2x2" pos="0x0" />
            </children>
        </node>
        
        <!-- popup help -->
        <node name="popupHelp" type="layer" visible="false">
            <children>
                <node type="sprite" image="common-images::bg-overlay.png" scale="1.5x1.5" pos="240x160" />
                <node type="sprite" image="images::bg-popup.png" pos="240x160" />
                <node type="sprite" image="help-i18n::title-help-#languageid#.png" pos="197x217" lowres-pos="194x223" />
                <node name="userCredits" type="label" align="right" font="packs/elvis/fonts/caviardreams" color="0f7479" pos="280x220" />
                
                <!-- hint itself -->
                <node name="hint" type="label" font="packs/elvis/fonts/caviardreams" color="0f7479" textcolot="0f7479" pos="frame:0.5x0.52" center="0.5x0.5" visible="false" textwidth="210" textalign="center" scale="0.7x0.7" />
                
                <!-- menu -->
                <node name="menu" type="menu">
                    <children>
                        <node type="menuitem" pos="57x-63" lowres-pos="61x-68" callback="hideHelp"
                              imageN="help-i18n::btn-close-#languageid#-normal.png"
                              imageS="help-i18n::btn-close-#languageid#-selected.png" />
                        <node name="btnHint1" type="menuitem" pos="0x-5" callback="showHint1"
                              imageN="help-i18n::btn-hint-#languageid#-normal.png"
                              imageS="help-i18n::btn-hint-#languageid#-selected.png"
                              imageD="help-i18n::btn-hint-#languageid#-disabled.png" />
                        <node name="btnHint2" type="menuitem" />
                        <node name="btnHint3" type="menuitem" />
                        <node name="moreCredits" type="menuitem" pos="-25x-60" callback="cb_store"
                              imageN="help-i18n::btn-store-#languageid#-normal.png"
                              imageS="help-i18n::btn-store-#languageid#-selected.png" />
                    </children>
                </node>
            </children>
        </node>
        
        <!-- popup skip -->
        <node name="popupSkip" type="layer" visible="false">
            <children>
                <node type="sprite" image="common-images::bg-overlay.png" scale="1.5x1.5" pos="240x160" />
                <node type="sprite" image="images::bg-popup.png" pos="240x160" />
                <node type="sprite" image="skip-i18n::title-skip-#languageid#.png" pos="199x217" lowres-pos="194x223" />
                <node name="userCredits" type="label" align="right" font="packs/elvis/fonts/caviardreams" color="0f7479" textcolot="0f7479" pos="280x220" />
                
                <!-- menu -->
                <node name="menu" type="menu">
                    <children>
                        <node type="menuitem" pos="57x-63" lowres-pos="61x-68" callback="hideSkip"
                              imageN="skip-i18n::btn-close-#languageid#-normal.png"
                              imageS="skip-i18n::btn-close-#languageid#-selected.png" />
                        <node name="btnSkipConfirmation" type="menuitem" pos="0x-5" callback="skip"
                              imageN="skip-i18n::btn-skip-confirmation-#languageid#-normal.png"
                              imageS="skip-i18n::btn-skip-confirmation-#languageid#-selected.png"
                              imageD="skip-i18n::btn-skip-confirmation-#languageid#-disabled.png" />
                        <node name="moreCredits" type="menuitem" pos="-25x-60" callback="cb_store"
                              imageN="skip-i18n::btn-store-#languageid#-normal.png"
                              imageS="skip-i18n::btn-store-#languageid#-selected.png" />
                    </children>
                </node>
            </children>
        </node>
    </children>
    
    <actions>
        <action name="fadeIn03" value="Sequence[  DelayTime[0.3],FadeIn[0.3]  ]" />
        <action name="fadeIn1" value="Sequence[  DelayTime[1.0],FadeIn[0.3]  ]" />
        <action name="fadeIn2" value="Sequence[  DelayTime[1.2],FadeIn[0.3]  ]" />
        <action name="fadeIn3" value="Sequence[  DelayTime[1.4],FadeIn[0.3]  ]" />
        <action name="fadeIn4" value="Sequence[  DelayTime[1.6],FadeIn[0.3]  ]" />
        <action name="fadeIn5" value="Sequence[  DelayTime[1.8],FadeIn[0.3]  ]" />
        <action name="fadeIn8" value="Sequence[  DelayTime[2.4],FadeIn[0.3]  ]" />
        <action name="fadeIn10" value="Sequence[  DelayTime[2.8],FadeIn[0.3]  ]" />
        <action name="rightAnimation" value="Animate[1,[folder:right::,indexes:right0.png,001:025]]" />
        <action name="wrongAnimation" value="Animate[1,[folder:wrong::,indexes:wrong0.png,071:103]]" />
    </actions>
    
    <events>
        <eventlist name="onEnter">
            <runaction action="fadeIn1" target="descriptionBg" />
            <runaction action="fadeIn1" target="description" />
            <runaction action="fadeIn2" target="flag" />
            <runaction action="fadeIn3" target="star" />
            <runaction action="fadeIn4" target="dollar" />
            <runaction action="fadeIn3" target="answeredTotal" />
            <runaction action="fadeIn4" target="userScore" />
            <runaction action="fadeIn5" target="userCredits" />
            <runaction action="fadeIn8" target="menu" />
            <runaction action="fadeIn10" target="answerTypeTypingHolder/menu" />
        </eventlist>
        <eventlist name="onRight">
            <runaction action="fadeIn03" target="popupRight/bg" />
            <runaction action="rightAnimation" target="popupRight/graph" />
        </eventlist>
        <eventlist name="onWrong">
            <runaction action="fadeIn03" target="popupWrong/bg" />
            <runaction action="wrongAnimation" target="popupWrong/graph" />
        </eventlist>
        <eventlist name="onShowRewardedVideoButton">
            <runaction action="fadeIn03" target="menuRewardedVideo/buttonRewardedVideo" />
        </eventlist>
    </events>
</mainLayer>
