<mainLayer name="mainLayer">
    <params>
        <param name="itemsXML" value="individual" />
        <param name="scrollW" value="339.5" />
        <param name="scrollH" value="350" />
        <param name="itemH" value="82" />
    </params>
    <children>
        <!-- background and flourish elements -->
        <node name="background-panel" type="sprite" image="levels-images-bg::bg-panel.png" pos="240x140" scale="1.1x1.1"/>
        
        <!-- levels list itself -->
        <node name="list" type="node" pos="200x165" />
        
        <!-- flourish over the elements -->
        <node name="background" type="sprite" image="levels-images-bg::frame.png" pos="240x160" scale="1.1x1.1" />
        <node name="header" type="sprite" image="levels-images::BG-title-play-1.png" pos="240x282" scale="1.0x1.0"
              animation="RepeatForever[  Animate[1,[folder:levels-images::,indexes:BG-title-play-.png,1:2]]  ]"/>
        
        <!-- menu -->
        <node name="menu" type="menu" pos="190x302.5">
            <children>
                <node name="back" type="menuitem" pos="-25x0" callback="back"
                      imageN="levels-images::btn-back-normal.png"
                      imageS="levels-images::btn-back-selected.png" />
            </children>
        </node>
    </children>
</mainLayer>
