<mainLayer name="mainLayer">
    <children>
        <!-- background and flourish elements -->
        <node type="sprite" image="play-images::bg.png" pos="240x160" scale="2.2x2.2" />
        <node type="sprite" image="play-images::header-bg.png" pos="240x303" />
        <node name="bgInfo" type="effectsprite" image="play-images::bg-info.png" pos="258x303" />
        <node name="flag" type="sprite" image="play-images::ico-flag.png" pos="219x307" />
        <node name="star" type="sprite" image="play-images::ico-star.png" pos="257x307" />
        <node name="dollar" type="sprite" image="play-images::ico-dollar.png" pos="295x307" />
        <node name="answeredTotal" type="label" font="my assets/fonts/bebasneue" scale="0.5x0.5" color="000000" pos="219x297" />
        <node name="userScore" type="label" font="my assets/fonts/bebasneue" scale="0.5x0.5" color="000000" pos="257x297" />
        <node name="userCredits" type="label" font="my assets/fonts/bebasneue" scale="0.5x0.5" color="000000" pos="295x297" />
        
        <!-- play elements / icon -->
        <node name="iconTypeImageHolder" type="layer" visible="false">
            <children>
                <node name="icon" type="sprite" pos="240x200" scale="0.92x0.92" opacity="0" />
            </children>
        </node>
        <node name="iconTypeAudioHolder" type="layer" visible="false">
            <children>
                <node name="bg" type="sprite" pos="240x200"
                      image="play-images::image-bg.png"/>
                <node name="playerStopped" type="effectsprite" pos="240x200" effectimage="play-images::btn-play-normal.png" />
                <node name="playerPlaying" type="sprite" pos="240x200" visible="false"
                      image="play-images::btn-play-selected.png"
                      animation="RepeatForever[ Sequence[ ScaleTo[0.5,1.2,1.2], ScaleTo[1,1.0,1.0] ] ]"/>
                <node name="player" type="menu">
                    <children>
                        <node name="play" type="menuitem" pos="0x40" callback="playLevelAudio"
                              effectimageN="play-images::btn-play-normal.png"
                              effectimageS="play-images::btn-play-selected.png" />
                    </children>
                </node>
            </children>
        </node>
        
        <!-- description -->
        <node name="groupImage" type="sprite" pos="226x263" opacity="0" image="play-images::category-general.png" />
        <node name="description" type="label" pos="240x266" opacity="0" scale="0.8x0.8" font="my assets/fonts/bebasneue" />
        
        <!-- play elements / answer -->
        <node name="answerTypeTypingHolder" type="layer" visible="false" opacity="0" cascadeopacity="yes">
            <children>
                <node name="answer" type="label" />
                <node name="keyboardHolder" type="layer" cascadeopacity="yes" />
                <node name="menu" type="menu" pos="316x125">
                    <children>
                        <node name="backspace" type="menuitem" pos="0x0" callback="backspace" scale_effect="no"
                              effectimageN="play-images::btn-backspace-normal.png"
                              effectimageS="play-images::btn-backspace-selected.png"/>
                    </children>
                </node>
            </children>
        </node>
        <node name="answerTypeSelectHolder" type="menu" visible="false">
            <children>
                <node name="option1" type="menuitem" pos="0x-34" callback="answerOption1" opacity="0"
                      font="my assets/fonts/bebasneue" textcolor="0b2f45" textscale="0.8x0.8" scale_effect="no"
                      effectimageN="play-images::btn-option-normal.png" imageS="play-images::btn-option-selected.png" />
                <node name="option2" type="menuitem" pos="0x-61" callback="answerOption2" opacity="0"
                      font="my assets/fonts/bebasneue" textcolor="0b2f45" textscale="0.8x0.8" scale_effect="no"
                      effectimageN="play-images::btn-option-normal.png" imageS="play-images::btn-option-selected.png" />
                <node name="option3" type="menuitem" pos="0x-88" callback="answerOption3" opacity="0"
                      font="my assets/fonts/bebasneue" textcolor="0b2f45" textscale="0.8x0.8" scale_effect="no"
                      effectimageN="play-images::btn-option-normal.png" imageS="play-images::btn-option-selected.png" />
                <node name="option4" type="menuitem" pos="0x-115" callback="answerOption4" opacity="0"
                      font="my assets/fonts/bebasneue" textcolor="0b2f45" textscale="0.8x0.8" scale_effect="no"
                      effectimageN="play-images::btn-option-normal.png" imageS="play-images::btn-option-selected.png" />
            </children>
        </node>
        
        <!-- menus -->
        <node name="menu" type="menu" pos="173x303">
            <children>
                <node name="back" type="menuitem" callback="back" scale_effect="no" opacity="0" cascadeopacity="yes"
                      effectimageN="play-images::btn-back-normal.png" effectimageS="play-images::btn-back-selected.png" pos="0x0" />
            </children>
        </node>
        <node name="menu2" type="menu" pos="frame:0.685x0.6">
            <children>
                <node name="help" type="menuitem" callback="showHelp" scale_effect="no" pos="0x55" opacity="0" cascadeopacity="yes"
                      effectimageN="play-images::btn-help-normal.png" effectimageS="play-images::btn-help-selected.png" />
                <node name="skip" type="menuitem" callback="showSkip" scale_effect="no" pos="0x20" opacity="0" cascadeopacity="yes"
                      effectimageN="play-images::btn-skip-normal.png" effectimageS="play-images::btn-skip-selected.png" />
                <node name="store" type="menuitem" callback="cb_store" scale_effect="no" pos="0x-15" opacity="0" cascadeopacity="yes"
                      effectimageN="play-images::btn-store-normal.png" effectimageS="play-images::btn-store-selected.png" />
            </children>
        </node>
        
        <!-- rewarded video -->
        <node name="menuRewardedVideo" type="menu">
            <children>
                <node name="buttonRewardedVideo" type="menuitem" pos="-73x40" callback="showRewardedVideoPopup" opacity="0"
                      imageN="play-images::btn-free-credits.png" scale_effect="no"
                      animation="RepeatForever[Sequence[ScaleTo[0.5,0.9,0.9], Repeat[Sequence[RotateTo[0.1,2],RotateTo[0.1,-2]],5], ScaleTo[0.3,0.8,0.8], DelayTime[10]]]" />
            </children>
        </node>
        <node name="popupRewardedVideo" type="layer" visible="false">
            <children>
                <node type="sprite" image="common-images::bg-overlay.png" scale="1.5x1.5" pos="240x160" />
                <node type="label" font="my assets/fonts/bebasneue" pos="240x190" text="#Video Ad#" />
                <node type="label" font="my assets/fonts/bebasneue" scale="0.5x0.5" pos="240x170" text="#Watch a video ad to win 5 credits#" />
                
                <!-- menu -->
                <node name="menu" type="menu">
                    <children>
                        <node type="menuitem" pos="-24x-20" callback="playRewardedVideo"
                              imageN="common-images::btn-yes-normal.png" imageS="common-images::btn-yes-selected.png" />
                        <node type="menuitem" pos="24x-20" callback="hideRewardedVideoPopup"
                              imageN="common-images::btn-no-normal.png" imageS="common-images::btn-no-selected.png" />
                    </children>
                </node>
            </children>
        </node>
        
        <!-- popup right -->
        <node name="popupRight" type="node" pos="240x160" visible="false">
            <children>
                <node name="graph" type="sprite" scale="2x2" pos="0x0" />
            </children>
        </node>
        
        <!-- popup wrong -->
        <node name="popupWrong" type="node" pos="240x160" visible="false">
            <children>
                <node name="graph" type="sprite" scale="2x2" pos="0x0" />
            </children>
        </node>
        
        <!-- popup help -->
        <node name="popupHelp" type="layer" visible="false">
            <children>
                <node type="sprite" image="common-images::bg-overlay.png" scale="1.5x1.5" pos="240x160" />
                <node type="sprite" image="play-popup::help-bg.png" pos="240x160" />
                <node type="sprite" image="play-popup::info-bg.png" pos="270x245" />
                <node type="sprite" image="play-popup::help-title.png" pos="201x245" />
                <node type="label" name="userCredits" align="right" font="my assets/fonts/bebasneue" color="0b2f45" pos="270x246" />
                
                <!-- hint itself -->
                <node name="hint" type="label" font="my assets/fonts/bebasneue" color="0b2f45" scale="0.7x0.7" pos="frame:0.5x0.55" center="0.5x0.5" textwidth="200" textalign="center" />
                
                <!-- menu -->
                <node name="menu" type="menu">
                    <children>
                        <node type="menuitem" pos="62x120" scale_effect="no" callback="hideHelp"
                              imageN="play-popup::btn-close-normal.png"
                              imageS="play-popup::btn-close-selected.png" />
                              
                        <node name="btnHint1" type="menuitem" pos="0x50" scale_effect="no" callback="showHint1"
                              imageN="play-popup::btn-help-option-normal.png"
                              imageS="play-popup::btn-help-option-selected.png"
                              imageD="play-popup::btn-help-option-disabled.png">
                            <children>
                                <node type="label" text="4" pos="19x22" font="my assets/fonts/bebasneue" color="0b2f45" />
                                <node type="label" text="#little help to search#" pos="36x22" font="my assets/fonts/bebasneue" color="0b2f45" center="0x0.5" scale="0.8x0.8" />
                            </children>
                        </node>
                        <node name="btnHint2" type="menuitem" pos="0x10" scale_effect="no" callback="showHint2"
                              imageN="play-popup::btn-help-option-normal.png"
                              imageS="play-popup::btn-help-option-selected.png"
                              imageD="play-popup::btn-help-option-disabled.png">
                            <children>
                                <node type="label" text="5" pos="19x22" font="my assets/fonts/bebasneue" color="0b2f45" />
                                <node type="label" text="#best tip#" pos="36x22" font="my assets/fonts/bebasneue" color="0b2f45" center="0x0.5" scale="0.8x0.8" />
                            </children>
                        </node>
                        <node name="btnHint3" type="menuitem" pos="0x-30" scale_effect="no" callback="showHint3"
                              imageN="play-popup::btn-help-option-normal.png"
                              imageS="play-popup::btn-help-option-selected.png"
                              imageD="play-popup::btn-help-option-disabled.png">
                            <children>
                                <node type="label" text="6" pos="19x22" font="my assets/fonts/bebasneue" color="0b2f45" />
                                <node type="label" text="#strong hint#" pos="36x22" font="my assets/fonts/bebasneue" color="0b2f45" center="0x0.5" scale="0.8x0.8" />
                            </children>
                        </node>
                        
                        <node name="moreCredits" type="menuitem" pos="0x-75" scale_effect="no" callback="cb_store"
                              imageN="play-popup::btn-store-normal.png"
                              imageS="play-popup::btn-store-selected.png" />
                    </children>
                </node>
            </children>
        </node>
        
        <!-- popup skip -->
        <node name="popupSkip" type="layer" visible="false">
            <children>
                <node type="sprite" image="common-images::bg-overlay.png" scale="1.5x1.5" pos="240x160" />
                <node type="sprite" image="play-popup::skip-bg.png" pos="240x160" />
                <node type="sprite" image="play-popup::info-bg.png" pos="270x225" />
                <node type="sprite" image="play-popup::skip-title.png" pos="201x225" />
                <node type="label" name="userCredits" align="right" font="my assets/fonts/bebasneue" color="0b2f45" pos="270x226" />
                
                <!-- menu -->
                <node name="menu" type="menu">
                    <children>
                        <node type="menuitem" pos="62x100" scale_effect="no" callback="hideSkip"
                              imageN="play-popup::btn-close-normal.png"
                              imageS="play-popup::btn-close-selected.png" />
                        <node name="btnSkipConfirmation" type="menuitem" pos="0x3" callback="skip"
                              imageN="play-popup::btn-skip-option-normal.png"
                              imageS="play-popup::btn-skip-option-selected.png"
                              imageD="play-popup::btn-skip-option-disabled.png" >
                            <children>
                                <node type="label" text="8" pos="19x22" font="my assets/fonts/bebasneue" color="0b2f45" />
                                <node type="label" text="#I give up!#" pos="36x22" font="my assets/fonts/bebasneue" color="0b2f45" center="0x0.5" scale="0.8x0.8" />
                            </children>
                        </node>
                        <node name="moreCredits" type="menuitem" pos="0x-55" scale_effect="no" callback="cb_store"
                              imageN="play-popup::btn-store-normal.png"
                              imageS="play-popup::btn-store-selected.png" />
                    </children>
                </node>
            </children>
        </node>
    </children>
    
    <actions>
        <action name="fadeIn" value="FadeIn[0.2]" />
        <action name="fadeOut" value="FadeOut[0.1]" />
        <action name="slideInL" value="Sequence[  MoveBy[0,-50,0], Spawn[FadeIn[0.2], EaseOut[MoveBy[0.5,50,0],5]]  ]" />
        <action name="slideInR" value="Sequence[  MoveBy[0,50,0], Spawn[FadeIn[0.2], EaseOut[MoveBy[0.5,-50,0],5]]  ]" />
        <action name="slideInT" value="Sequence[  MoveBy[0,0,50], Spawn[FadeIn[0.2], EaseOut[MoveBy[0.5,0,-50],5]]  ]" />
        <action name="slideInB" value="Sequence[  MoveBy[0,0,-50], Spawn[FadeIn[0.2], EaseOut[MoveBy[0.5,0,50],5]]  ]" />
        <action name="slideOutL" value="Spawn[FadeOut[0.2], MoveBy[0.5,-50,0]]" />
        <action name="slideOutR" value="Spawn[FadeOut[0.2], MoveBy[0.5,50,0]]" />
        <action name="slideOutT" value="Spawn[FadeOut[0.2], MoveBy[0.5,0,50]]" />
        <action name="slideOutB" value="Spawn[FadeOut[0.2], MoveBy[0.5,0,-50]]" />
        <action name="rightAnimation" value="Animate[1,[folder:right::,indexes:right0.png,001:033]]" />
        <action name="wrongAnimation" value="Animate[1,[folder:wrong::,indexes:wrong0.png,001:033]]" />
    </actions>
    
    <events>
        <eventlist name="onInit">
            <runsequenceaction interval="1.0" action="slideInL"  target="menu/back" />
            <runsequenceaction interval="0.2" action="slideInR"  target="menu2/help" />
            <runsequenceaction interval="0.2" action="slideInR"  target="menu2/skip" />
            <runsequenceaction interval="0.2" action="slideInR"  target="menu2/store" />
            <runsequenceaction interval="0.2" action="fadeIn"  target="answerTypeTypingHolder" />
            <runsequenceaction interval="-1.0" action="slideInB" target="groupImage" />
            <runsequenceaction interval="0" action="slideInB" target="description" />
            <runsequenceaction interval="0" action="slideInT" target="iconTypeImageHolder/icon" />
        </eventlist>
        <eventlist name="onShowRewardedVideoButton">
            <runaction action="fadeIn" target="menuRewardedVideo/buttonRewardedVideo" />
        </eventlist>
        <eventlist name="onSetAsFourOptions">
            <runsequenceaction interval="0.2" action="fadeIn" target="answerTypeSelectHolder/option1" />
            <runsequenceaction interval="0.2" action="fadeIn" target="answerTypeSelectHolder/option2" />
            <runsequenceaction interval="0.2" action="fadeIn" target="answerTypeSelectHolder/option3" />
            <runsequenceaction interval="0.2" action="fadeIn" target="answerTypeSelectHolder/option4" />
        </eventlist>
        <eventlist name="onTypingAnswer">
            <runsequenceaction />
        </eventlist>
        <eventlist name="onShowHelpPopup">
            <setproperty property="opacity" value="0" target="popupHelp/hint" />
            <setproperty property="opacity" value="255" target="popupHelp/menu/btnHint1" />
            <setproperty property="visible" value="true" target="popupHelp" />
        </eventlist>
        <eventlist name="onShowHint">
            <runsequenceaction interval="0.2" action="fadeIn" target="popupHelp/hint" />
            <runaction action="fadeOut" target="popupHelp/menu/btnHint1" />
        </eventlist>
        <eventlist name="onRight">
            <runaction action="slideOutL" target="menu/back" />
            <runaction action="slideOutR" target="menu2/help" />
            <runaction action="slideOutR" target="menu2/skip" />
            <runaction action="slideOutR" target="menu2/store" />
            <runaction action="fadeOut" target="answerTypeTypingHolder" />
            <runaction action="slideOutB" target="groupImage" />
            <runaction action="slideOutB" target="description" />
            <runaction action="slideOutT" target="iconTypeImageHolder/icon" />
            <runaction action="slideOutT" target="iconTypeAudioHolder" />
            <runaction action="fadeOut" target="menuRewardedVideo/buttonRewardedVideo" />
            <runaction action="slideOutL" target="answerTypeSelectHolder/option1" />
            <runaction action="slideOutR" target="answerTypeSelectHolder/option2" />
            <runaction action="slideOutL" target="answerTypeSelectHolder/option3" />
            <runaction action="slideOutR" target="answerTypeSelectHolder/option4" />
            <runaction action="rightAnimation" target="popupRight/graph" />
        </eventlist>
        <eventlist name="onWrong">
            <runaction action="slideOutL" target="menu/back" />
            <runaction action="slideOutR" target="menu2/help" />
            <runaction action="slideOutR" target="menu2/skip" />
            <runaction action="slideOutR" target="menu2/store" />
            <runaction action="fadeOut" target="answerTypeTypingHolder" />
            <runaction action="slideOutB" target="groupImage" />
            <runaction action="slideOutB" target="description" />
            <runaction action="slideOutT" target="iconTypeImageHolder/icon" />
            <runaction action="slideOutT" target="iconTypeAudioHolder" />
            <runaction action="fadeOut" target="menuRewardedVideo/buttonRewardedVideo" />
            <runaction action="slideOutL" target="answerTypeSelectHolder/option1" />
            <runaction action="slideOutR" target="answerTypeSelectHolder/option2" />
            <runaction action="slideOutL" target="answerTypeSelectHolder/option3" />
            <runaction action="slideOutR" target="answerTypeSelectHolder/option4" />
            <runaction action="wrongAnimation" target="popupWrong/graph" />
        </eventlist>
    </events>
    
    <effects>
        <light normalmap="packs/expansion/images/playScreen/images" pos="100x160x70" bright="0.5" lightcolor="ffffff" ambientlightcolor="cccccc" radius="350"
               animation="RepeatForever[Sequence[ MoveTo[4,240,270], MoveTo[4,380,160], MoveTo[4,240,50], MoveTo[4,100,160] ]]" >
           <target value="bgInfo" />
           <target value="answerTypeTypingHolder/menu/backspace/normal" />
           <target value="answerTypeTypingHolder/menu/backspace/selected" />
           <target value="answerTypeSelectHolder/option1/normal" />
           <target value="answerTypeSelectHolder/option2/normal" />
           <target value="answerTypeSelectHolder/option3/normal" />
           <target value="answerTypeSelectHolder/option4/normal" />
           <target value="iconTypeAudioHolder/playerStopped" />
           <target value="iconTypeAudioHolder/player/play/selected" />
           <target value="menu/back/normal" />
           <target value="menu/back/selected" />
           <target value="menu2/help/normal" />
           <target value="menu2/help/selected" />
           <target value="menu2/skip/normal" />
           <target value="menu2/skip/selected" />
           <target value="menu2/store/normal" />
           <target value="menu2/store/selected" />
        </light>
<!--        <light normalmap="packs/expansion/images/playScreen/images" pos="210x176x5" bright="0.5" lightcolor="ffffff" ambientlightcolor="cccccc" radius="10"-->
<!--            animation="RepeatForever[Sequence[ EaseOut[MoveBy[0.6,60,0],2], EaseOut[MoveBy[0.1,0,52],1.5], EaseOut[MoveBy[0.1,-60,0],1.5], EaseOut[MoveBy[0.1,0,-52],1.5] ]]" >-->
<!--            <target value="iconTypeAudioHolder/player/play/normal" />-->
<!--        </light>-->
    </effects>
</mainLayer>
